date,avg_temperature_c,daily_precipitation_mm,avg_wind_speed_ms,avg_relative_humidity_pct
2016-01-01,1.3,,1.8,63.5
2016-01-02,2,,0.8,70.4
2016-01-03,3.3,,0.5,74.3
2016-01-04,6.5,,2.7,49.9
2016-01-05,2.3,,2.8,24.9
2016-01-06,1.7,,3.4,41
2016-01-07,1.5,,3.3,42.1
2016-01-08,0.6,,3.7,41.9
2016-01-09,0.2,,2.2,50.5
2016-01-10,2.4,,2.2,48.3
2016-01-11,0.2,,2,32.5
2016-01-12,-2.4,,2,41.3
2016-01-13,-1.2,,3,52.6
2016-01-14,-1.1,0,2.8,47.6
2016-01-15,-2.3,,0.6,62.3
2016-01-16,-0.9,,0.7,64.3
2016-01-17,1.6,3,0.8,81.9
2016-01-18,-0.6,0.3,4.5,61.3
2016-01-19,-6.6,,5.6,40.5
2016-01-20,-6,,2.6,43.4
2016-01-21,-3.8,,2.5,34.5
2016-01-22,-2.6,,2.9,29.6
2016-01-23,-5.7,,4.2,28.9
2016-01-24,-10.3,,4.4,41.3
2016-01-25,-5.2,,4.3,46.3
2016-01-26,-1.3,,3.5,54
2016-01-27,0.4,,1.7,48
2016-01-28,-1.1,4,0.5,71.5
2016-01-29,1.7,14,0.8,99.4
2016-01-30,2,1.2,0.5,99.3
2016-01-31,0.9,,2.3,58
2016-02-01,-1.2,,3,34.9
2016-02-02,-2.6,,2.3,40.8
2016-02-03,-1.2,,2.1,47
2016-02-04,1.7,,3.4,41.8
2016-02-05,1.3,,3.2,32.1
2016-02-06,-0.5,,2.4,38.6
2016-02-07,-1.4,,1.3,48.5
2016-02-08,-0.6,,1.5,53.5
2016-02-09,2.9,,3.7,36.6
2016-02-10,1.7,,0.9,55.1
2016-02-11,5.3,,1,65
2016-02-12,8.6,5,0.5,97.4
2016-02-13,13.1,8.5,0.6,98.5
2016-02-14,4.1,0.1,4.9,64.3
2016-02-15,-2.4,,4.5,44.8
2016-02-16,0.7,,3.4,53.3
2016-02-17,2.2,,2.8,42.3
2016-02-18,3,,1.7,54.3
2016-02-19,4.1,,1.3,56
2016-02-20,4.9,,2.1,46.9
2016-02-21,1.6,,3.1,35.9
2016-02-22,3.3,,1.1,44.6
2016-02-23,4.5,,2.9,41.4
2016-02-24,0.3,0,2.2,47.4
2016-02-25,0.5,,2.9,41.8
2016-02-26,2,0.1,1.4,68.6
2016-02-27,5.5,0.1,1.5,69.1
2016-02-28,6.9,3.5,2.2,66.9
2016-02-29,-0.6,0,4.4,51.5
2016-03-01,-0.2,,3.1,40.4
2016-03-02,3.7,,2,47.4
2016-03-03,6.3,,1.1,54.4
2016-03-04,6.3,11.5,1.4,97
2016-03-05,12.2,37.5,1.9,90.5
2016-03-06,12.9,13.5,1.4,78.8
2016-03-07,9.9,,1.5,71.3
2016-03-08,8.6,0,2.5,35.5
2016-03-09,5.9,,1.9,49.5
2016-03-10,3.1,,3,36.3
2016-03-11,1.3,,2.4,44.1
2016-03-12,3,,1.4,44.4
2016-03-13,4.6,,1,55.8
2016-03-14,4.2,,1.5,64.6
2016-03-15,5.8,,1,56.5
2016-03-16,9.3,,1.5,43.9
2016-03-17,11.6,,1.4,39.3
2016-03-18,10.9,12,0.8,95.5
2016-03-19,10,,1.9,76.8
2016-03-20,7.3,,1.7,74.9
2016-03-21,9.1,,1,62.4
2016-03-22,12.1,,2.2,50.1
2016-03-23,9,0.3,2.3,63.9
2016-03-24,6.6,1,2.1,60.3
2016-03-25,6.4,0,1.4,70.9
2016-03-26,5.8,0.1,1.5,78.5
2016-03-27,7.5,,1.8,56.4
2016-03-28,9.9,,1.6,36.6
2016-03-29,11,,2,53.3
2016-03-30,13.9,,1.7,47
2016-03-31,12,,1,44.6
2016-04-01,12.1,,1.8,58.1
2016-04-02,14.1,,1.4,65.4
2016-04-03,10.8,25,1.3,90.6
2016-04-04,10.1,3,1.4,87.6
2016-04-05,11.7,,1.7,61.9
2016-04-06,13.4,12,1.6,58.1
2016-04-07,12.3,34,1.3,92.5
2016-04-08,16.4,,2.1,51.1
2016-04-09,16.5,,1.3,50.8
2016-04-10,12,0,2.5,68.5
2016-04-11,8.7,,2.9,66.1
2016-04-12,11.5,1,1,62.8
2016-04-13,14.4,10,0.9,98.8
2016-04-14,17.5,,2.7,60.1
2016-04-15,13.2,,2,61.3
2016-04-16,14,8,1.7,73.8
2016-04-17,15.7,5.5,4.8,47.4
2016-04-18,16.1,,3.2,31.8
2016-04-19,13.4,,2.6,50.5
2016-04-20,14.7,,1.3,49.6
2016-04-21,14.4,28.5,1.8,86.6
2016-04-22,18.9,,2,62.9
2016-04-23,17.6,,1.7,35.1
2016-04-24,13.7,,1.9,47
2016-04-25,15.5,,1.1,54.5
2016-04-26,14.1,,2.3,63.6
2016-04-27,10.7,44,1.9,93
2016-04-28,12.4,3.5,1.4,77.9
2016-04-29,15,,1.4,57.3
2016-04-30,17.8,,2,54
2016-05-01,20.2,,2.1,45.3
2016-05-02,19.2,0.1,1.7,62.4
2016-05-03,16.7,9,2.9,73.8
2016-05-04,19.6,,5.4,24.1
2016-05-05,20.1,,1.9,31.4
2016-05-06,20.4,,1.8,63.5
2016-05-07,18.9,,3.1,41.6
2016-05-08,17.4,,1.8,49.5
2016-05-09,19.1,,1,49.6
2016-05-10,14.5,20.5,1.3,88.9
2016-05-11,16.5,4,1.3,73.6
2016-05-12,19.1,,1.8,54.3
2016-05-13,15.3,,1.9,67.8
2016-05-14,14.7,,2.3,65.6
2016-05-15,19.5,,1.9,66.3
2016-05-16,14.8,15.5,3.3,62.3
2016-05-17,17,,1.2,54.4
2016-05-18,19.9,,1.3,53.1
2016-05-19,19,,1.4,51.9
2016-05-20,18.5,,1.6,60.5
2016-05-21,17.6,,1.6,56.8
2016-05-22,17.2,,1.9,54.1
2016-05-23,20.5,,1.1,48.9
2016-05-24,18.7,13.5,1.5,82
2016-05-25,20.7,,1.4,64.4
2016-05-26,21.6,,1.5,62.4
2016-05-27,22.9,,1.8,51.4
2016-05-28,21.9,0,1.1,56.1
2016-05-29,21.2,0,1.4,56
2016-05-30,22.3,,1.5,58.1
2016-05-31,24.5,,2.4,45.3
2016-06-01,19.7,,2.5,48.8
2016-06-02,19.7,,1.6,52.5
2016-06-03,22.5,,1.5,48.9
2016-06-04,19.7,0.1,1.1,71.5
2016-06-05,19.9,,2.3,68.4
2016-06-06,18.4,2,1.1,85.5
2016-06-07,22.3,,1.3,74
2016-06-08,21.1,14,0.7,90.6
2016-06-09,21.9,,1.8,79.3
2016-06-10,24.2,,1.5,65.6
2016-06-11,24.2,0.5,1.5,74.3
2016-06-12,22.9,0.5,0.8,85.8
2016-06-13,21.5,2,2.3,82.5
2016-06-14,21.5,2.5,1.7,84.9
2016-06-15,22.7,0,1.3,72.6
2016-06-16,24.2,0.3,2.2,66
2016-06-17,24.7,,2.6,55
2016-06-18,25.4,,1.6,55
2016-06-19,24.8,7.5,1.7,71.6
2016-06-20,24.5,0.2,1.4,67.4
2016-06-21,22.9,0.1,1.7,76
2016-06-22,22.4,0,2.2,80.5
2016-06-23,25.3,,1.6,63.4
2016-06-24,22.2,19.5,1.7,88.8
2016-06-25,23.7,,2.8,51.8
2016-06-26,23.6,,1.9,62
2016-06-27,22.1,0.1,0.9,75.4
2016-06-28,22.4,,1.4,70.1
2016-06-29,22.7,0.1,1.2,75.5
2016-06-30,25.5,0,1.7,70
2016-07-01,25.4,25.5,1.3,81.6
2016-07-02,25.4,19,1.9,85.5
2016-07-03,23,24.5,1.1,90.6
2016-07-04,21,12.5,2,96.5
2016-07-05,26.9,0.1,1.9,75.5
2016-07-06,23.4,86,1.5,93.4
2016-07-07,,0.5,1.5,
2016-07-08,25.3,,1.3,75.9
2016-07-09,26.6,,1.2,76
2016-07-10,27.2,,1.2,70.3
2016-07-11,25.7,0.3,1.5,83.8
2016-07-12,26.7,0.1,1.4,80.8
2016-07-13,27.9,0,1.9,67.5
2016-07-14,24.9,0,2.1,73
2016-07-15,23.7,0,1.9,73.3
2016-07-16,21.8,7.5,1.6,93.8
2016-07-17,25.9,0,1.2,74.3
2016-07-18,25.8,,1.7,66.5
2016-07-19,24.8,,2.2,76.4
2016-07-20,23.8,,2.2,74.9
2016-07-21,23.1,,1.7,77.3
2016-07-22,23.7,,2.1,74
2016-07-23,26.1,,1.3,69.3
2016-07-24,28,,1.2,70.6
2016-07-25,27.1,7.5,1,87.1
2016-07-26,29.7,,1.6,71
2016-07-27,30.7,,2.4,60.3
2016-07-28,30,,1.8,68.4
2016-07-29,30.3,,1.6,69.1
2016-07-30,30.8,,1.8,63.8
2016-07-31,28.6,,1.6,72.9
2016-08-01,27.1,8,1.4,81.3
2016-08-02,26.8,0.1,1.2,82.1
2016-08-03,26.9,,1.1,81.9
2016-08-04,27.1,,1.6,77
2016-08-05,27.6,,1.5,74.3
2016-08-06,29.3,,1.2,68.8
2016-08-07,30.2,,1.4,64.6
2016-08-08,28.9,0,1.4,74.3
2016-08-09,26.9,,1.8,65.5
2016-08-10,28.9,,1.3,65.5
2016-08-11,30.5,,1.6,65
2016-08-12,31.3,,1.3,61.6
2016-08-13,31.5,,1.6,55.1
2016-08-14,31.6,,1.6,56.6
2016-08-15,29.5,0,1.8,66.1
2016-08-16,27.3,41,1.9,74.1
2016-08-17,27.1,,1.5,75.6
2016-08-18,27.8,,1.8,73.1
2016-08-19,27.2,,1.7,73.4
2016-08-20,27,,1.7,69.5
2016-08-21,27,,1.6,69.3
2016-08-22,27.4,,1.8,70.9
2016-08-23,26.9,,1.9,68.9
2016-08-24,26.2,,1.7,69
2016-08-25,28.4,,1.5,60.3
2016-08-26,21.4,1.5,1.6,82
2016-08-27,22.3,,2.8,60.5
2016-08-28,19.3,37.5,1.4,95
2016-08-29,19.6,1,2.1,74.5
2016-08-30,20.9,0.1,2.4,68.9
2016-08-31,24.1,0,4.6,46.5
2016-09-01,26.4,0.5,2.4,54.8
2016-09-02,20,65.5,1.5,97.5
2016-09-03,21.7,90.5,0.9,99.3
2016-09-04,23.1,4.5,1.1,92.8
2016-09-05,23.7,1,1,91.3
2016-09-06,24.6,,1,85.5
2016-09-07,24,1,1,79.1
2016-09-08,22.8,7,1.4,77.3
2016-09-09,22.9,3,1.3,82.3
2016-09-10,22.7,0,1.3,84
2016-09-11,22.7,0,1.1,80.9
2016-09-12,20.4,14,0.8,96.6
2016-09-13,20.9,,1.2,84.5
2016-09-14,22.1,,0.9,80.8
2016-09-15,22.5,,1,84
2016-09-16,22,2.5,0.7,94
2016-09-17,20,125.5,1.2,98.9
2016-09-18,19.8,3.5,1.1,90.9
2016-09-19,20.4,,2.9,71.3
2016-09-20,18.8,,2.6,59
2016-09-21,17.9,,1.5,73.4
2016-09-22,18.8,,1,80.3
2016-09-23,19.2,,1.2,80.4
2016-09-24,20,,1.1,78.6
2016-09-25,20.3,,0.7,80
2016-09-26,21.4,6,0.9,88
2016-09-27,24.4,0.5,0.8,88.3
2016-09-28,22.5,11,1.1,92.1
2016-09-29,18.4,0.2,1.9,78.4
2016-09-30,17.2,6,0.7,95.5
2016-10-01,19.5,0.1,0.9,91.4
2016-10-02,21.9,,1.2,85.3
2016-10-03,23,8,1,91.6
2016-10-04,21.2,0,2.2,80.6
2016-10-05,19.3,47,2.6,90.3
2016-10-06,19.4,,1.3,81.4
2016-10-07,18.9,3.5,1.8,79.9
2016-10-08,17.6,23.5,1.7,83.4
2016-10-09,14,,2.4,61.6
2016-10-10,14,,1,77.4
2016-10-11,14.1,,1,82.6
2016-10-12,15.4,,1.1,77.4
2016-10-13,15.3,,0.7,79.6
2016-10-14,14.6,,0.9,79.5
2016-10-15,15.4,,1.1,81.4
2016-10-16,14.8,22,0.7,98.4
2016-10-17,18.1,,1.5,85.9
2016-10-18,16.1,,1.1,86.9
2016-10-19,16.6,,1,82.6
2016-10-20,17.2,,1.8,77.5
2016-10-21,15.9,0,1.8,75.4
2016-10-22,16.6,0.1,1,78.4
2016-10-23,14.8,0,2.6,69.8
2016-10-24,13.5,0,1.5,70.4
2016-10-25,15.1,2.5,1.4,84.8
2016-10-26,13.7,,1.3,82.6
2016-10-27,13.9,,1.6,78.3
2016-10-28,14.6,2,1.7,89.3
2016-10-29,12.5,,1.2,74
2016-10-30,9,,1.7,52.5
2016-10-31,8.5,0,1.2,71.1
2016-11-01,5.8,,2.7,41.1
2016-11-02,5.2,,2.3,46.4
2016-11-03,6,,1.1,76
2016-11-04,7.4,,0.9,72.4
2016-11-05,10.5,,1.2,74.6
2016-11-06,12,0,2.5,78.1
2016-11-07,12.2,,0.9,79.9
2016-11-08,10,0.2,2.5,59
2016-11-09,5.5,,1.5,57.8
2016-11-10,8.7,0,1.1,73.9
2016-11-11,9.3,0.1,1.9,68.4
2016-11-12,8.5,,0.9,70.8
2016-11-13,10.6,,0.4,79.6
2016-11-14,13.9,0,0.6,86.3
2016-11-15,11.9,,2,50.9
2016-11-16,7.3,,1.3,52.8
2016-11-17,8.8,,0.8,60.6
2016-11-18,9.6,11,0.5,86.9
2016-11-19,13.6,0.5,1.1,91.6
2016-11-20,13.6,,1.4,74.5
2016-11-21,11.4,,1,81.9
2016-11-22,7.3,,2.5,59.8
2016-11-23,5.2,,2.6,37.8
2016-11-24,1.5,,3.7,29.3
2016-11-25,2.3,,2.4,43.6
2016-11-26,-0.2,1,0.9,82.5
2016-11-27,2.8,,1.4,89.3
2016-11-28,4.1,,2.3,58.6
2016-11-29,4.9,,1.6,41
2016-11-30,8,1,0.9,71.3
2016-12-01,7.2,,3.2,55
2016-12-02,5.1,,2.8,33.6
2016-12-03,3.4,,0.9,57.4
2016-12-04,3.3,0,1,67.3
2016-12-05,6.7,,1.9,64.6
2016-12-06,2.2,,3.2,37.5
2016-12-07,-1.2,,0.8,63.1
2016-12-08,2.5,0,0.9,66.1
2016-12-09,5.7,0,2.9,48.1
2016-12-10,2.2,,2.2,36.1
2016-12-11,0.4,,0.9,47.6
2016-12-12,3,,0.6,61.3
2016-12-13,5.1,,0.7,69.1
2016-12-14,3.3,0.5,1.8,77
2016-12-15,0.3,,3.6,45.3
2016-12-16,-1.1,,4.2,34.1
2016-12-17,3.4,,2.6,54.6
2016-12-18,2.5,,1.2,69.5
2016-12-19,5.8,1,0.5,87.3
2016-12-20,7.6,,0.8,84.5
2016-12-21,7.9,11.1,0.8,96.8
2016-12-22,11.5,6,3.1,73.8
2016-12-23,3,0,4.1,58.4
2016-12-24,0.9,,1.7,60.4
2016-12-25,4.1,,0.8,76
2016-12-26,4.9,16.5,1.1,95.3
2016-12-27,2.4,0.5,3.5,60.5
2016-12-28,-0.2,,1.6,49.9
2016-12-29,-0.1,,3.6,39.8
2016-12-30,0.2,,2.7,40.8
2016-12-31,2.5,,2,63.5
2017-01-01,2.6,,1.5,75.4
2017-01-02,5.1,,2.2,70.8
2017-01-03,4,,2.2,49.8
2017-01-04,3.2,,1.2,63.4
2017-01-05,2.9,0.1,1.2,83.6
2017-01-06,4.2,0.1,0.8,78.9
2017-01-07,2.4,,0.4,76.3
2017-01-08,6.9,0,0.7,75.8
2017-01-09,5.5,0,3.3,50.9
2017-01-10,1.4,,4.4,42.6
2017-01-11,-1,,3.6,34.1
2017-01-12,1.2,0,3.2,45.5
2017-01-13,-1,0.1,3.9,38.5
2017-01-14,-4.5,,4.4,32
2017-01-15,-3.7,,3.1,26.3
2017-01-16,-3.1,,1.3,44.4
2017-01-17,-2.7,,0.6,52.5
2017-01-18,0.4,,1.4,50.5
2017-01-19,-0.3,,0.7,69.5
2017-01-20,-1.6,1,3.2,65.9
2017-01-21,-2.7,,2.2,60.1
2017-01-22,-3.2,0.5,4,53.6
2017-01-23,-4.8,,4,40.5
2017-01-24,-3.5,,2.3,40.8
2017-01-25,-2,,1.8,38.4
2017-01-26,-0.8,,1.3,38.6
2017-01-27,4.2,0,3.7,26.1
2017-01-28,1.3,,1.1,29.9
2017-01-29,3.8,0.5,0.8,55.4
2017-01-30,0.9,0.5,4,52.4
2017-01-31,-1,,2,39.3
2017-02-01,0.6,,3.8,30.8
2017-02-02,0.9,,3.6,27
2017-02-03,3.9,,2.7,42.1
2017-02-04,5,0,0.9,37.4
2017-02-05,5.8,0.4,2.6,63
2017-02-06,2.3,,3.7,39.3
2017-02-07,0.7,,1.1,48.6
2017-02-08,1.9,,1.8,51.3
2017-02-09,-0.8,,4.9,35.9
2017-02-10,-3.2,,5,39.4
2017-02-11,-2.3,,4,40.6
2017-02-12,0.2,,2.9,41
2017-02-13,2.3,0.5,2.8,50.9
2017-02-14,1,0.5,1.4,69.3
2017-02-15,2.1,,1.4,45.9
2017-02-16,7.6,0.5,1.7,50.5
2017-02-17,9.1,0.5,4.1,42.5
2017-02-18,1.3,,4.1,28.3
2017-02-19,3.9,2.5,2,51.8
2017-02-20,5.1,3.5,3.8,55.6
2017-02-21,1.6,,1.4,55.4
2017-02-22,3.5,20,1,88.4
2017-02-23,2.4,,3.8,53
2017-02-24,1,,3.6,39
2017-02-25,3.5,,2.4,43.9
2017-02-26,4,,1.3,54.8
2017-02-27,3.1,0.1,1.4,76.8
2017-02-28,4.8,,0.9,62
2017-03-01,5.8,0,0.9,50.9
2017-03-02,5,1,3.1,64.9
2017-03-03,4.8,,2.1,41
2017-03-04,6.4,,0.9,49
2017-03-05,6.8,,1,50.5
2017-03-06,5,,4.2,33.6
2017-03-07,1.5,,3.8,35.4
2017-03-08,1.6,,3.9,41.6
2017-03-09,6.6,,3.5,32.5
2017-03-10,6.3,,2.7,34
2017-03-11,5.9,,1.4,48.4
2017-03-12,8.9,,1.3,43
2017-03-13,9.7,,2.2,44.1
2017-03-14,6.9,0,1.5,61.5
2017-03-15,4.9,,1.4,61.9
2017-03-16,6.7,0,0.9,55.9
2017-03-17,7.2,,1.2,50.1
2017-03-18,8.2,,1.2,45.9
2017-03-19,8.3,,1.4,47.4
2017-03-20,7.6,5,1.2,77.8
2017-03-21,8,3.5,2.2,70.5
2017-03-22,7.7,,1.4,50.1
2017-03-23,10.4,,1.8,42.1
2017-03-24,8.1,,1.7,53.8
2017-03-25,6.6,10.5,1.5,81.6
2017-03-26,6,10.5,1.1,87
2017-03-27,5.7,0.5,2.1,74.1
2017-03-28,7.8,,1.3,59.1
2017-03-29,9.7,0.5,1.7,67.9
2017-03-30,11,,1.7,63.3
2017-03-31,9,0.5,1.8,72.1
2017-04-01,7.2,15,1.5,87.4
2017-04-02,7.9,,1.5,66.6
2017-04-03,12.5,,2.6,36.6
2017-04-04,14.1,,1.4,43.8
2017-04-05,13.9,1,1.1,67.9
2017-04-06,16.3,9,1.8,83.6
2017-04-07,14.5,,1.9,67.8
2017-04-08,16.8,,1.5,56.8
2017-04-09,12.8,,2.7,57.9
2017-04-10,11.6,0.5,2.7,55.9
2017-04-11,12.5,19.5,2.4,70.9
2017-04-12,13.8,,3.1,25.5
2017-04-13,14.6,,2.4,28.9
2017-04-14,15.2,0,3,49
2017-04-15,19,0,2,44.1
2017-04-16,18.4,,1.2,42.8
2017-04-17,13.2,20,1.2,81.6
2017-04-18,15.4,5.4,2.4,63.8
2017-04-19,15.5,,4,33.6
2017-04-20,13.6,0.2,1.7,53
2017-04-21,14.1,,2.1,58.9
2017-04-22,12.3,0,1.6,67
2017-04-23,14,,1.4,57.1
2017-04-24,16.2,,1.8,45.6
2017-04-25,18.5,,1.8,53.6
2017-04-26,14.5,9,1.7,72.5
2017-04-27,13.4,,2.4,39.3
2017-04-28,16,,2.5,34.8
2017-04-29,18.7,,2.4,31.5
2017-04-30,21.4,,2.2,39
2017-05-01,16.7,,2.6,46.5
2017-05-02,14.9,,2,51.9
2017-05-03,17.5,,1.3,46.3
2017-05-04,19.1,0,1.3,56.5
2017-05-05,20,6.5,1.5,75.6
2017-05-06,18.7,,3,32.5
2017-05-07,20,,3.3,26.6
2017-05-08,20.8,,2.1,28.3
2017-05-09,15.3,17,1.4,81.5
2017-05-10,16.2,0.2,1.4,81.1
2017-05-11,19.6,0.2,1.6,67.9
2017-05-12,17.1,0,1,83.5
2017-05-13,19.8,,1.9,60
2017-05-14,19.5,,3.6,31.9
2017-05-15,17.6,,2.8,40
2017-05-16,16.7,0.5,1.5,62
2017-05-17,18.1,0,1.7,65.8
2017-05-18,21.2,,1.8,50.4
2017-05-19,24.8,,3.4,28.3
2017-05-20,24.2,,2.1,31.3
2017-05-21,22.5,,1.5,46
2017-05-22,19.9,,2.1,59.6
2017-05-23,20.9,,1.4,59
2017-05-24,19.6,0.2,1.5,75
2017-05-25,22.1,,2.5,52.6
2017-05-26,15.9,,2.5,59.4
2017-05-27,17.9,,1.9,56.1
2017-05-28,22.1,,1.9,48.9
2017-05-29,27.7,,2.6,34.3
2017-05-30,25.5,,1.6,40
2017-05-31,23.9,,1.2,48.8
2017-06-01,21.6,1,1.9,68.5
2017-06-02,18.6,0.5,2.4,54.1
2017-06-03,19.4,0,2.4,48
2017-06-04,18.6,,2,49.6
2017-06-05,18.4,,2.2,55
2017-06-06,17.6,1.5,1.7,72.3
2017-06-07,20.8,0.3,1.9,70.8
2017-06-08,22.4,,3,46.8
2017-06-09,24.9,,2.2,38.3
2017-06-10,21.6,,2.3,39.8
2017-06-11,20.1,,2.2,44.5
2017-06-12,18.2,,2.3,57
2017-06-13,19.7,0.5,1.6,61
2017-06-14,22.3,,2,51.8
2017-06-15,25.5,,2.7,39.4
2017-06-16,20.9,,2.8,62.8
2017-06-17,22.2,,1.8,60.6
2017-06-18,24.5,,1.9,57.4
2017-06-19,27.3,,1.4,46.6
2017-06-20,24.6,2,1.7,54.6
2017-06-21,23.5,0.5,1.5,63
2017-06-22,24.4,,1.5,56.5
2017-06-23,25.1,,2.1,58.5
2017-06-24,24.9,0,1.8,56.8
2017-06-25,23.4,8,1.9,64
2017-06-26,22.3,0.2,1.7,77
2017-06-27,23.9,,1.5,66.9
2017-06-28,24.8,,1.6,64.1
2017-06-29,25,0.1,1.2,63.8
2017-06-30,27.3,0,1.9,61.3
2017-07-01,27.7,0.1,2.1,63.9
2017-07-02,27.5,2,1.6,69.3
2017-07-03,28.9,0.2,2.8,62.4
2017-07-04,26.2,7,1.6,74.4
2017-07-05,26.3,,1.8,69
2017-07-06,27,0,1.3,70.6
2017-07-07,27.1,1,1.1,73.3
2017-07-08,26.9,1,1.4,76.5
2017-07-09,29.2,6.5,1.5,68.3
2017-07-10,28.9,,1.7,67.4
2017-07-11,29.7,0,2.3,56.9
2017-07-12,30.4,,2.3,53.4
2017-07-13,30.4,,1.9,51.3
2017-07-14,27.1,96.5,2,70.3
2017-07-15,25.6,1,1.3,80.4
2017-07-16,27.4,0,1.6,71.9
2017-07-17,26.7,8.5,1.8,75.1
2017-07-18,27.1,0.5,1.8,71.8
2017-07-19,28.7,,1.4,66.3
2017-07-20,29.6,,1.4,63.6
2017-07-21,30.8,,1.5,63.3
2017-07-22,27.1,1.5,1.4,77.1
2017-07-23,27.1,0,1.1,81.5
2017-07-24,27.9,3.5,0.9,86
2017-07-25,25.1,16,1.2,87.9
2017-07-26,24.3,,2.1,67.8
2017-07-27,25.2,,1.5,61.3
2017-07-28,26.8,0,1.6,65.5
2017-07-29,23,22,1.7,88.8
2017-07-30,25.8,,0.8,79.6
2017-07-31,24.7,14,1,91.6
2017-08-01,26.2,2.5,1.3,79.4
2017-08-02,25.4,,1.3,75.6
2017-08-03,25.8,,1.8,74
2017-08-04,28.4,,1.8,70.8
2017-08-05,29.1,,1.6,70.3
2017-08-06,29.9,,1.4,65.5
2017-08-07,28.7,,1.7,67.3
2017-08-08,28.9,,1.6,61
2017-08-09,26.5,13,1.3,83.5
2017-08-10,24.8,75.5,0.9,92.3
2017-08-11,25.3,0.2,1.2,78.9
2017-08-12,24.3,,1.4,74.1
2017-08-13,23.3,0,1.4,77.1
2017-08-14,22.5,56,1.2,91.6
2017-08-15,23.4,14.5,1.3,92.8
2017-08-16,25.4,2,1.1,80.5
2017-08-17,24.8,0,1.8,77.4
2017-08-18,25.5,,1.2,73.5
2017-08-19,25.3,5,1.5,79.9
2017-08-20,25.5,0.5,1.9,82.8
2017-08-21,25.6,13.5,1,87.9
2017-08-22,27.3,1.5,1.3,78.5
2017-08-23,29,3.5,1.5,75.3
2017-08-24,29.9,3,2.4,68.5
2017-08-25,27,1,1.6,66.3
2017-08-26,23.6,,1.7,58.6
2017-08-27,22.4,,1.1,67.6
2017-08-28,25.3,,1.2,64.4
2017-08-29,25.8,0,2,57.4
2017-08-30,20.9,0,1.7,55.4
2017-08-31,20.6,,1.3,64.3
2017-09-01,20.2,,1.9,64.5
2017-09-02,19.5,,1.4,67.6
2017-09-03,20.4,,1.3,67
2017-09-04,21.2,,1.4,72.8
2017-09-05,21.3,0.5,0.7,82.9
2017-09-06,21.4,5,1.2,84.1
2017-09-07,21.9,0.5,1.5,74.4
2017-09-08,22.7,,1,71.4
2017-09-09,22.4,,0.9,73.3
2017-09-10,22.4,,1.4,73.1
2017-09-11,20.8,41.5,1.3,91.1
2017-09-12,23.5,,1.8,66.1
2017-09-13,21.2,,1.6,59
2017-09-14,19.7,,1.5,69.6
2017-09-15,20.3,,2.8,61.1
2017-09-16,21.8,,3.1,60.8
2017-09-17,21.6,0,2.1,73
2017-09-18,20.6,,1,70
2017-09-19,22,,1.3,66.4
2017-09-20,20.3,,2.3,57.8
2017-09-21,18.4,,1.1,69
2017-09-22,19.8,,0.8,68.1
2017-09-23,20.2,,0.9,68
2017-09-24,20.6,,1,72.3
2017-09-25,20.8,,1.2,72.4
2017-09-26,21,,1.3,71.6
2017-09-27,18.4,43,0.7,90.6
2017-09-28,19.9,,1.5,65.9
2017-09-29,15.9,,1.8,49.1
2017-09-30,16.1,,1.1,66
2017-10-01,15.9,5,0.8,80.3
2017-10-02,20.3,16.5,1.2,86.4
2017-10-03,18.9,,1.6,76.1
2017-10-04,17.3,,1.8,67.5
2017-10-05,15.8,0,1.2,74.1
2017-10-06,16.4,8,0.8,92.6
2017-10-07,19.9,,0.9,83.5
2017-10-08,21,,0.9,79
2017-10-09,21.1,,0.8,79.1
2017-10-10,21.9,,1.2,75.3
2017-10-11,19.9,,1.5,77
2017-10-12,14.5,28.5,1.1,85.9
2017-10-13,14.3,,2,62.6
2017-10-14,14.5,,1.2,59.8
2017-10-15,15.3,0.2,1.6,68.8
2017-10-16,15.2,,1.2,72
2017-10-17,15,,1.4,71
2017-10-18,16.4,0,2.3,57.6
2017-10-19,14.8,,1.3,76
2017-10-20,14.4,,1,77.9
2017-10-21,14.5,,1.6,70.5
2017-10-22,17,,3.3,53.4
2017-10-23,13.4,,1.5,51.3
2017-10-24,11,0,0.7,71.9
2017-10-25,10.5,,0.8,75
2017-10-26,11,,0.5,74.1
2017-10-27,13.7,,1,73.5
2017-10-28,15,,1,75.1
2017-10-29,14.4,,2.6,57.9
2017-10-30,9.1,,2.5,33.3
2017-10-31,7.5,,1.1,53.3
2017-11-01,11.1,,1.4,62
2017-11-02,11.5,,0.6,72.6
2017-11-03,11.7,0,1.7,68.5
2017-11-04,8.1,,1.8,54.8
2017-11-05,8,,1.5,54.6
2017-11-06,8.3,,0.9,61.8
2017-11-07,12.6,,1.3,63.9
2017-11-08,14.6,,2.5,49.4
2017-11-09,9.2,,0.8,57.1
2017-11-10,12.1,0,2.5,61.5
2017-11-11,6.9,,2.8,39.1
2017-11-12,4.6,,0.9,55.4
2017-11-13,6.6,,1,54.6
2017-11-14,9.6,,2.5,42
2017-11-15,6.6,,3.1,39
2017-11-16,3.1,,1.6,46
2017-11-17,4.3,,0.6,49.6
2017-11-18,3.8,,3.4,33.8
2017-11-19,1.5,,3.3,27.4
2017-11-20,3.7,,2.8,40
2017-11-21,2.3,,0.9,56.6
2017-11-22,5.2,0,1.6,54.1
2017-11-23,3,,2.8,40.9
2017-11-24,2.1,0.1,2.2,65.3
2017-11-25,3.3,,1.4,60
2017-11-26,6,0,1.3,70.4
2017-11-27,4.9,,0.5,72.8
2017-11-28,6.6,,0.9,71.4
2017-11-29,8.8,,2.1,47.3
2017-11-30,4.2,,3.9,20.5
2017-12-01,-0.9,,2.8,29.6
2017-12-02,-0.8,,1,49.9
2017-12-03,2.4,,0.7,61.9
2017-12-04,2.3,,3,51.4
2017-12-05,-1.7,,4.2,34.3
2017-12-06,-1.1,0,0.8,54.9
2017-12-07,0.8,,1.3,60.9
2017-12-08,-0.9,,3.7,32.4
2017-12-09,0.9,,1.6,52.1
2017-12-10,3.6,0,2,60.9
2017-12-11,-2,,5.2,36.5
2017-12-12,-5.3,,3.7,25.6
2017-12-13,-4.1,,3.1,24.1
2017-12-14,-3.9,,0.8,43.3
2017-12-15,-0.7,,1.6,37.3
2017-12-16,-0.3,,4.1,35.5
2017-12-17,-3.5,,3.7,33.9
2017-12-18,-0.9,,1.8,48.3
2017-12-19,-0.1,0,3.3,38.1
2017-12-20,-1.9,,1.6,44.8
2017-12-21,-0.3,,2.2,44.1
2017-12-22,0.7,,1.6,56
2017-12-23,0.1,,0.5,66.1
2017-12-24,2.7,10,2.2,74.1
2017-12-25,1.1,,4,38
2017-12-26,0.7,,3.9,39
2017-12-27,-2.9,,4.3,23
2017-12-28,-0.9,,2.2,38.5
2017-12-29,3.9,,2.6,58.4
2017-12-30,2.3,,0.8,68.8
2017-12-31,3.3,0,3.8,41
2018-01-01,0.8,,2.8,35.1
2018-01-02,0.6,,2.7,50.5
2018-01-03,-0.3,,2.5,29.9
2018-01-04,0.1,,1.7,36.6
2018-01-05,1.7,,2.3,36.6
2018-01-06,-0.3,,2.7,42.5
2018-01-07,-1.4,,0.5,51.3
2018-01-08,1.9,1.5,1.6,71.4
2018-01-09,-0.6,0,4.1,56.8
2018-01-10,-3.5,0.5,3.5,50.5
2018-01-11,-7,,3.7,43.4
2018-01-12,-7.5,,3.7,38.8
2018-01-13,-3.3,0,1.7,61.8
2018-01-14,-2.6,,0.8,67.9
2018-01-15,2.1,,1.2,62.3
2018-01-16,3,8,0.7,74.5
2018-01-17,4.3,8.5,1.1,89.3
2018-01-18,4.9,,2.5,60.9
2018-01-19,1.9,,1.6,48.6
2018-01-20,1.2,,1.5,54.6
2018-01-21,1.3,,0.7,55.9
2018-01-22,3.9,0.1,1.1,55.5
2018-01-23,-4.5,,5,33.8
2018-01-24,-9.6,,5.1,27.5
2018-01-25,-8.9,,4.1,29.1
2018-01-26,-9.3,,3.6,28.6
2018-01-27,-6.4,,1.5,32.4
2018-01-28,-1.4,,3.7,26.6
2018-01-29,-5.1,,3.9,31.4
2018-01-30,-4,,2.6,40
2018-01-31,-0.5,,1.8,42.3
2018-02-01,-1.2,,1.5,29.5
2018-02-02,-3.2,,1.2,40.4
2018-02-03,-4.4,,3.8,39.9
2018-02-04,-6.5,,4.6,31.8
2018-02-05,-6.5,,4,30.4
2018-02-06,-7.4,,3.8,33.8
2018-02-07,-5.6,,2.4,28.8
2018-02-08,-4.4,,1.1,35.6
2018-02-09,1.2,,1,43.1
2018-02-10,3.5,,3.4,36.3
2018-02-11,-2.6,0,4.1,37.5
2018-02-12,-3.4,0,3.6,51.5
2018-02-13,-0.7,0,2.5,45.4
2018-02-14,4.8,,2.6,47
2018-02-15,4.1,,1.9,38.4
2018-02-16,1.7,,2,39.3
2018-02-17,1.3,,4.1,20.6
2018-02-18,1.3,,1.6,21.9
2018-02-19,3.4,,1.2,35.3
2018-02-20,3.2,,2,39.8
2018-02-21,1.3,,1.9,25.1
2018-02-22,-0.6,,1.2,38
2018-02-23,2.6,,1.3,47.9
2018-02-24,4.7,,1.7,57.6
2018-02-25,4.7,0,1,59.9
2018-02-26,2.8,,1.1,52.6
2018-02-27,5.4,,0.8,50
2018-02-28,6.8,24.5,2.7,73.1
2018-03-01,5.1,0.2,5.1,44.5
2018-03-02,2.5,,1.9,36.4
2018-03-03,6.7,,1.1,47.9
2018-03-04,11.8,13,1.4,67.5
2018-03-05,5.3,13,2.5,72.3
2018-03-06,3.5,,1.5,66.3
2018-03-07,4.8,5.5,2.1,70.4
2018-03-08,1.9,29,1.1,91.4
2018-03-09,2.2,,1,83
2018-03-10,5.8,,1.6,61.8
2018-03-11,7.4,,2,44.6
2018-03-12,9.6,,1.4,51.6
2018-03-13,12.4,,2,58.4
2018-03-14,15.9,,1.8,55.3
2018-03-15,13.9,11,1.1,85
2018-03-16,3.7,0.5,3.2,61.6
2018-03-17,4.5,,0.9,59.3
2018-03-18,8.5,1.5,1.1,68.8
2018-03-19,8.5,29,3.1,83.5
2018-03-20,5.1,,5.1,50
2018-03-21,1.9,13,2,89.3
2018-03-22,5.6,,2.2,64
2018-03-23,6.6,,1.1,59.4
2018-03-24,11.3,,2.5,45.1
2018-03-25,13.3,,2.3,40.5
2018-03-26,14.8,,2.6,34.9
2018-03-27,15.9,,2.2,43.5
2018-03-28,16.2,,1.7,41.6
2018-03-29,14.2,,2.2,53.5
2018-03-30,11.1,,2.3,55.6
2018-03-31,14.2,,1.4,52
2018-04-01,16.8,,1.2,54.1
2018-04-02,19.2,,1.8,57.3
2018-04-03,20,,1.9,55.8
2018-04-04,9.8,11,2.7,79.4
2018-04-05,8.3,8.5,2.1,79.5
2018-04-06,9.4,19,3.4,64.5
2018-04-07,6.1,,4.7,32.8
2018-04-08,8.5,,2.8,39.1
2018-04-09,12.6,,2,43.1
2018-04-10,15.1,,2.5,54.1
2018-04-11,18.9,2,3.6,40.4
2018-04-12,15.1,,2.6,28.1
2018-04-13,11.9,,2.4,43
2018-04-14,10.6,25,2.3,80.9
2018-04-15,12.7,,3.7,50
2018-04-16,11.2,,1.7,60.3
2018-04-17,13.3,,1.1,57.9
2018-04-18,14.5,,1.3,51.6
2018-04-19,18.1,,2.1,33.4
2018-04-20,19.8,,1.2,39
2018-04-21,20.2,,1.5,38.1
2018-04-22,14.3,0,2,59.5
2018-04-23,11,35.5,1.9,85.3
2018-04-24,11.3,11,0.8,85
2018-04-25,11.5,,1.3,56.1
2018-04-26,15,,1.1,51.3
2018-04-27,15.9,,2.6,41
2018-04-28,16.8,,1.7,45.3
2018-04-29,19.1,,2.3,33.4
2018-04-30,20.9,,2,54.3
2018-05-01,19.2,,1.3,70.3
2018-05-02,14,5.5,2.1,84.9
2018-05-03,13.8,0.5,4.2,45.8
2018-05-04,15,,3.3,38.3
2018-05-05,19.3,,2.2,33.9
2018-05-06,15.8,12.5,1.3,91.3
2018-05-07,15.4,17.5,1.2,86.8
2018-05-08,14.1,,2.7,67.1
2018-05-09,12.5,,2.1,64.3
2018-05-10,16.4,,1.4,56.9
2018-05-11,18.7,,1.7,49.4
2018-05-12,17.4,6.5,1,71.4
2018-05-13,19.8,5.5,1.9,73
2018-05-14,20.7,,1.3,62.3
2018-05-15,24.1,,1.3,55.4
2018-05-16,25.1,0,2,72.3
2018-05-17,26.4,,2.8,64.4
2018-05-18,14.3,2,2.8,86.4
2018-05-19,14.2,,2.8,62
2018-05-20,13.9,,3.3,64.3
2018-05-21,14.9,,2.4,70.9
2018-05-22,18.2,1.9,1.2,69.3
2018-05-23,19.1,24,1.8,66.9
2018-05-24,20.2,,2,48
2018-05-25,22,,2,43.8
2018-05-26,20.5,,1.5,55.5
2018-05-27,21,,1,60.8
2018-05-28,21.2,,1.7,64.3
2018-05-29,23.3,0,1.2,65.3
2018-05-30,21.4,7.5,1.1,79.3
2018-05-31,20.5,,1.8,63
2018-06-01,22.5,,1.2,57.3
2018-06-02,24.6,,1.2,53.3
2018-06-03,23.7,,1.1,53.4
2018-06-04,23.9,1,1.2,62.1
2018-06-05,21.7,0.1,1.2,69.1
2018-06-06,22.9,,1.1,65.9
2018-06-07,25.5,,1.2,57.6
2018-06-08,24.4,,2,56.3
2018-06-09,19.6,,3.1,65.6
2018-06-10,18.6,0.3,3.2,70.6
2018-06-11,17,17,1.1,79.8
2018-06-12,18.5,,1.6,64.8
2018-06-13,19.8,,1.9,66.9
2018-06-14,19.4,,2.3,68.3
2018-06-15,19,,3.1,59.1
2018-06-16,18,,2.4,62
2018-06-17,20.7,,1,62.6
2018-06-18,24.4,,1.2,61.9
2018-06-19,21.9,1.5,1.1,76.9
2018-06-20,24,,1.7,59.5
2018-06-21,24.2,,1.9,52.5
2018-06-22,24.2,,1.3,50.8
2018-06-23,25.1,0,1.6,46.8
2018-06-24,27.6,,2.3,42.5
2018-06-25,26.8,,1.1,50.5
2018-06-26,24.8,0.1,1.7,71.6
2018-06-27,25.6,67,2.1,79
2018-06-28,22.8,14,1.1,86.8
2018-06-29,25.7,,1.1,73.9
2018-06-30,23,3.5,0.9,86.3
2018-07-01,25,34,1.7,81
2018-07-02,24.7,69,1.2,90.5
2018-07-03,23.4,27,3.2,91.1
2018-07-04,25.3,12,2.7,79.4
2018-07-05,22.5,11,1.5,89
2018-07-06,21.3,0.1,2.3,76.5
2018-07-07,20.4,,2.3,63.5
2018-07-08,19.5,,1.8,70.1
2018-07-09,19,3,1.5,89.8
2018-07-10,24.8,,1.1,78
2018-07-11,28.1,,0.9,73.3
2018-07-12,29.2,,1.2,69.9
2018-07-13,29.9,,1.3,65.9
2018-07-14,29.9,,1.6,62.3
2018-07-15,30.3,,1.3,62.9
2018-07-16,30.6,,1.4,61
2018-07-17,30.3,,1.5,61.1
2018-07-18,30.1,,1.3,63.6
2018-07-19,30.3,,1.1,64.6
2018-07-20,30.8,,1.3,60.3
2018-07-21,30.8,,1.4,62.6
2018-07-22,30.6,,1.6,60
2018-07-23,31.2,,1.4,58.1
2018-07-24,31.3,,1.4,60.8
2018-07-25,31.8,,1.4,59.9
2018-07-26,31.9,,1.3,60.6
2018-07-27,31.1,0,1.7,65.1
2018-07-28,28.8,,1.7,68.8
2018-07-29,28.8,0,2.2,62.1
2018-07-30,27.9,0.5,2.1,70.3
2018-07-31,28.3,,1.8,66.8
2018-08-01,29.3,,1.8,61.4
2018-08-02,29.7,,1.7,61.9
2018-08-03,31.2,,1.6,55.4
2018-08-04,31.9,,2,54.5
2018-08-05,32.2,,2.8,50.1
2018-08-06,29.3,12,1.8,67.6
2018-08-07,27,,1.8,75.8
2018-08-08,27.7,0,1.7,71.4
2018-08-09,27.9,0.1,1.7,72.8
2018-08-10,25.4,27.5,1.6,89.5
2018-08-11,26.5,0.1,1.5,77.3
2018-08-12,27.5,1.5,1.4,78.3
2018-08-13,29.9,,1.1,71.6
2018-08-14,29.5,,1.3,66.5
2018-08-15,27.9,5.5,2.2,75.6
2018-08-16,25.9,4,1.9,76.9
2018-08-17,24,,3.3,59.6
2018-08-18,22.5,,1.7,65.3
2018-08-19,23.8,,1.3,65.8
2018-08-20,25.4,,1.4,65.6
2018-08-21,28,,1.6,60.6
2018-08-22,29.2,,2.5,63
2018-08-23,27.2,8.5,2.6,80.5
2018-08-24,28.4,1.5,3.5,67.4
2018-08-25,24.8,2.5,1.4,76.4
2018-08-26,20.8,94,0.9,96.4
2018-08-27,23.3,62,0.8,96.5
2018-08-28,25.3,6,1.2,89.1
2018-08-29,27.5,,1.5,72.4
2018-08-30,27.6,1.5,1.6,76.8
2018-08-31,23.4,16.5,1.4,89.3
2018-09-01,23.1,,2,75.1
2018-09-02,21.3,2.5,1.8,77.1
2018-09-03,24,4,0.8,91.4
2018-09-04,23.7,41.5,1.9,72.4
2018-09-05,23.9,,2.4,56.6
2018-09-06,21.9,0.1,0.9,74.1
2018-09-07,22,3,1.4,76.1
2018-09-08,19.5,,0.8,76.5
2018-09-09,20.6,,1.7,70.5
2018-09-10,19.7,2,2,68.8
2018-09-11,19.1,,2.2,67.5
2018-09-12,20.2,,1.5,73.6
2018-09-13,20.7,0.5,1,85.5
2018-09-14,21.7,11.5,1.3,92.1
2018-09-15,22.3,0.5,1,87.4
2018-09-16,24.1,,1.3,74.4
2018-09-17,22.8,,1.5,70.4
2018-09-18,22.1,,1,72.6
2018-09-19,21.8,1,1.2,80.1
2018-09-20,20.3,7.5,1.5,88.9
2018-09-21,19.8,32,1,94.8
2018-09-22,20.4,,1.4,76
2018-09-23,19.8,,1.2,67.4
2018-09-24,16.8,,1.1,72.3
2018-09-25,15.5,,1.3,74.6
2018-09-26,17.1,,1.9,66.6
2018-09-27,15.9,,1.5,69.6
2018-09-28,15.4,,0.9,77.3
2018-09-29,18,0.5,0.7,82.9
2018-09-30,19.6,0.5,2.2,60.9
2018-10-01,16.6,0.1,3.1,50.6
2018-10-02,15.4,,1.2,67.3
2018-10-03,15.1,,0.9,72
2018-10-04,17.1,0.5,1.6,72.3
2018-10-05,18.7,62.5,0.8,95.3
2018-10-06,20.7,71,3.2,85
2018-10-07,18.7,,1.6,69
2018-10-08,15.5,,1.6,53.6
2018-10-09,15.1,,0.7,76.3
2018-10-10,14.7,,2.3,63.9
2018-10-11,11.7,,2.8,46.3
2018-10-12,10.7,,1,66.8
2018-10-13,12.9,,0.9,72.4
2018-10-14,13.2,,0.7,72.8
2018-10-15,14.5,,1.2,68.8
2018-10-16,12.9,,0.7,82.5
2018-10-17,12.7,,1,79.6
2018-10-18,11.8,0.5,1.4,76.8
2018-10-19,12.7,0.5,1.3,67.5
2018-10-20,10.4,,0.7,70.8
2018-10-21,10.5,,0.6,66.6
2018-10-22,13,,0.6,73.1
2018-10-23,14.9,,1.1,70.6
2018-10-24,12.5,,1.4,61.4
2018-10-25,11.5,,0.8,70.8
2018-10-26,12,8.5,1.1,84.3
2018-10-27,11.7,,3.4,46
2018-10-28,11,0.1,2.1,61.3
2018-10-29,10,1,1.9,70.6
2018-10-30,8.5,,2.9,48
2018-10-31,7.5,,1.5,62.9
2018-11-01,6.8,,1.2,62.5
2018-11-02,7.8,,0.6,64
2018-11-03,8.2,,0.7,64
2018-11-04,8.8,,0.8,63.9
2018-11-05,9.9,,0.7,73.3
2018-11-06,11.5,,0.8,78.1
2018-11-07,13.7,0.2,0.6,82.4
2018-11-08,15,14,1.4,92.8
2018-11-09,12.8,,2.8,63
2018-11-10,8.8,,0.9,77.3
2018-11-11,9.7,0.5,0.9,77.9
2018-11-12,10.5,0.1,1,71.4
2018-11-13,9.8,,1.1,74.5
2018-11-14,7.9,,0.9,78.6
2018-11-15,7.5,,0.6,75.8
2018-11-16,7,0,0.6,80.8
2018-11-17,8.5,,0.9,71.9
2018-11-18,7.9,,1.6,45.1
2018-11-19,6.7,,1.2,56.6
2018-11-20,5.5,,1,52.6
2018-11-21,5.6,0,1.1,58.6
2018-11-22,4.8,,2.6,42.8
2018-11-23,1,,1.3,48.3
2018-11-24,-0.5,0.2,0.7,72.9
2018-11-25,3.9,,1.3,84.3
2018-11-26,4.6,,0.8,73
2018-11-27,5.9,,1.1,73.5
2018-11-28,5.7,,0.8,60.4
2018-11-29,4.2,,0.7,57.5
2018-11-30,5.4,,1.2,52.8
2018-12-01,4.9,,0.7,62.5
2018-12-02,7,0,0.6,72
2018-12-03,12,2,0.4,89.8
2018-12-04,12.1,13,2.4,76.6
2018-12-05,6.9,,1.9,44
2018-12-06,5.3,2,2.5,68.6
2018-12-07,-2,,4.7,34.3
2018-12-08,-4.3,,3.6,35.1
2018-12-09,-3.3,,2.4,31.3
2018-12-10,-2.5,,0.8,53.6
2018-12-11,0.2,3.5,0.9,82.4
2018-12-12,-0.4,,2.6,59.1
2018-12-13,0.1,0,2.4,53.4
2018-12-14,-1.6,,2.4,43.8
2018-12-15,-3,,0.8,54.6
2018-12-16,-1.6,1,0.6,82.6
2018-12-17,1.8,0,1.9,63.1
2018-12-18,2.5,,2.2,57.1
2018-12-19,3.1,,0.9,66.8
2018-12-20,2.7,,0.4,68.5
2018-12-21,3.2,,0.5,71.1
2018-12-22,5.3,0,0.6,72.1
2018-12-23,6.8,3,2.8,49.9
2018-12-24,0.7,,2.5,33.8
2018-12-25,0,,1.3,52.6
2018-12-26,3.4,,1.7,40.6
2018-12-27,-3.6,,4.8,20.9
2018-12-28,-6.1,,3.8,35.4
2018-12-29,-4.5,,4.2,30.4
2018-12-30,-4,,2,36.4
2018-12-31,-2.4,,1.6,36.5
2019-01-01,-1.1,,3.6,48.9
2019-01-02,-0.9,,3.4,37.8
2019-01-03,-1.1,,2.2,32.6
2019-01-04,0,,1.8,41.4
2019-01-05,1.3,,2.2,42.8
2019-01-06,-1.3,,1.3,38.8
2019-01-07,0.7,,2.2,38.5
2019-01-08,1.2,,4.2,33.3
2019-01-09,-1.9,,1.7,34.4
2019-01-10,2,,3,38.1
2019-01-11,2.6,,1,60.4
2019-01-12,2.9,7,1.2,88.9
2019-01-13,0.6,,0.8,83.6
2019-01-14,-0.1,,0.9,69.8
2019-01-15,2.1,,3,54.8
2019-01-16,-2.1,,3.6,36.8
2019-01-17,1.6,,3.3,47.5
2019-01-18,1.7,,1.7,45
2019-01-19,3.7,,0.7,50.4
2019-01-20,3.2,0.4,4.2,37.9
2019-01-21,1.8,,4,37.9
2019-01-22,4,,2.4,45.9
2019-01-23,4.3,,2.4,38
2019-01-24,0.9,,1.2,38.8
2019-01-25,0.4,,2.5,36.4
2019-01-26,-0.5,,2.8,24.6
2019-01-27,-0.5,,1.4,37.6
2019-01-28,3.2,,3.1,34.9
2019-01-29,-0.1,,0.8,45.8
2019-01-30,4.7,,1.9,35.6
2019-01-31,1.2,4.5,2.3,67.1
2019-02-01,-0.3,,4,44.3
2019-02-02,2.5,,2,51.8
2019-02-03,5.3,4.5,1.5,87.5
2019-02-04,3.4,,3.5,32.9
2019-02-05,1.6,,0.7,46.6
2019-02-06,4.9,,0.8,44.9
2019-02-07,3,,2.7,43.6
2019-02-08,-0.5,,1.7,33.8
2019-02-09,0,,3.1,23.3
2019-02-10,0.9,,1.4,34.1
2019-02-11,0.6,,3.4,27.8
2019-02-12,1,,1.5,37.3
2019-02-13,2.2,,2.5,29.9
2019-02-14,1.6,0,1.3,52.3
2019-02-15,3.8,,2.1,55.1
2019-02-16,1.1,0,3.5,46.4
2019-02-17,1.5,,3.4,33.3
2019-02-18,4.4,,1.2,27
2019-02-19,3.6,20.5,1.7,86
2019-02-20,3.5,,3,58.9
2019-02-21,2.7,,0.8,66.6
2019-02-22,4.2,,0.7,62.8
2019-02-23,3.8,,1.3,67.9
2019-02-24,5.3,,1.4,56.4
2019-02-25,8.5,,1.8,49.5
2019-02-26,6.3,,1.1,59.5
2019-02-27,8.8,0,1,60.5
2019-02-28,8.6,0.3,1.3,65.9
2019-03-01,6.1,,1.1,57.3
2019-03-02,6.7,,1.2,60.9
2019-03-03,8.9,,1.2,55.1
2019-03-04,9.3,,1.2,54.8
2019-03-05,8.3,,1,54
2019-03-06,10.4,0,0.9,49.8
2019-03-07,7.7,0,1.7,56.5
2019-03-08,6.4,,1,53.5
2019-03-09,8.5,,1.2,42.3
2019-03-10,8,6,1.3,72.4
2019-03-11,7.8,,1.6,65.5
2019-03-12,8.2,1,3.8,53.4
2019-03-13,4.6,,4.2,30.8
2019-03-14,5,,1.5,33.6
2019-03-15,5.7,0.2,2,57
2019-03-16,6.6,,2.1,50.1
2019-03-17,7.6,,2.6,42.4
2019-03-18,8.3,,1.5,48.6
2019-03-19,12.4,,1.7,40.6
2019-03-20,11.8,5.5,1.3,59.9
2019-03-21,13.6,0.5,4,59.4
2019-03-22,7.5,,2.6,38.5
2019-03-23,5.9,0.5,2.9,45
2019-03-24,6.5,,2.4,35.1
2019-03-25,9.2,,2.1,37.1
2019-03-26,11,,2.5,40.8
2019-03-27,13.2,,2.2,36.6
2019-03-28,10.3,,2.3,65.9
2019-03-29,11.6,0,1.5,58.3
2019-03-30,9.2,6.5,3.4,57.6
2019-03-31,7,,3.6,38.3
2019-04-01,6,,3.3,34.6
2019-04-02,7.1,,2.1,39
2019-04-03,8.5,,2.1,32.3
2019-04-04,12.9,,3.5,18.5
2019-04-05,14.5,,2.9,25
2019-04-06,15,,1.7,26
2019-04-07,12.1,0,1.7,56.9
2019-04-08,11.3,,2.3,47.4
2019-04-09,8.2,15,2.8,59.3
2019-04-10,8.3,9.5,2,74.1
2019-04-11,10.2,,1.4,61.9
2019-04-12,11.4,,1.4,51
2019-04-13,12.1,,1.5,46.5
2019-04-14,11.5,0,2.4,45.3
2019-04-15,13.4,,2.2,30.5
2019-04-16,16.2,,1.4,30.1
2019-04-17,16.7,,1.3,37.4
2019-04-18,18,,1.9,45.9
2019-04-19,11.9,,2.7,55.8
2019-04-20,16.2,,1.7,51
2019-04-21,18.3,,1.8,54
2019-04-22,15.8,,2.4,63.4
2019-04-23,16.1,3,1.1,69.9
2019-04-24,18.4,4,1.4,82.5
2019-04-25,13.9,0,2.6,64.9
2019-04-26,10.1,9,1.3,89.1
2019-04-27,11.6,,1.5,57.3
2019-04-28,12.6,,1.3,60.6
2019-04-29,10.6,38.5,0.7,90.3
2019-04-30,14.1,0.5,0.7,86.8
2019-05-01,16.5,,1.8,
2019-05-02,17.2,,1.8,47.1
2019-05-03,17,,1.5,49.1
2019-05-04,18.5,,1.3,56.6
2019-05-05,20.5,,1.5,44.8
2019-05-06,13.4,,2.3,57.6
2019-05-07,13.8,,1.7,48.9
2019-05-08,16.5,,2,34.1
2019-05-09,19,,2.9,24.9
2019-05-10,18.4,,1.4,37.5
2019-05-11,19.5,,1.4,41.1
2019-05-12,16.9,,2.4,57.8
2019-05-13,18,,1.8,62.4
2019-05-14,21.7,0,1.4,57.8
2019-05-15,21.6,,1.4,59.8
2019-05-16,21.9,,1.2,50
2019-05-17,21.5,,1.8,47.5
2019-05-18,17.7,12,2.1,85.8
2019-05-19,19.6,1,2.2,80
2019-05-20,18.8,1,2.7,59.4
2019-05-21,17.8,,2.6,36.3
2019-05-22,19.6,,1.8,39.4
2019-05-23,21.2,,1.8,43.9
2019-05-24,24,,1.4,46.1
2019-05-25,24.9,,2.1,40
2019-05-26,24.2,,1.9,38.8
2019-05-27,20.9,8,2,74
2019-05-28,19.3,,3,43
2019-05-29,21.8,,2.4,34.3
2019-05-30,23.6,0,2.5,27.5
2019-05-31,20.3,1,2.3,47.5
2019-06-01,20.6,,1.8,48.3
2019-06-02,21.8,,1.4,47
2019-06-03,24,,1.3,48
2019-06-04,25.8,,1.4,48.4
2019-06-05,25.3,,2,47.1
2019-06-06,24.2,8.5,1.4,58
2019-06-07,19,21.5,1.5,89.8
2019-06-08,19.9,,1.9,73.4
2019-06-09,18.1,,2.3,68.9
2019-06-10,18.3,,2,63.1
2019-06-11,18.9,,1.9,62.6
2019-06-12,20,,1.9,60.5
2019-06-13,21.6,,1.5,57
2019-06-14,18.9,0.5,0.9,75.1
2019-06-15,20.6,13,1.4,74.8
2019-06-16,19.7,,2.1,74
2019-06-17,23.5,,1.6,56
2019-06-18,23.2,0.1,2,63.6
2019-06-19,24.1,,1.8,62.3
2019-06-20,26.8,,1.9,53.9
2019-06-21,24.2,9,2.6,64.9
2019-06-22,20.9,,2.1,63.8
2019-06-23,20.1,,1.6,67.3
2019-06-24,21.8,,1.9,66.4
2019-06-25,23.8,,1.9,65.4
2019-06-26,19.9,77,1.1,87.5
2019-06-27,24.2,67,1.3,83.4
2019-06-28,22.1,4,2.5,85.3
2019-06-29,21.3,41.5,1.1,90.4
2019-06-30,25.3,,1.7,74.5
2019-07-01,23.4,0,1.1,77.4
2019-07-02,24.3,,1.7,64.8
2019-07-03,23.8,,1.1,69.1
2019-07-04,24.7,,1.5,65.6
2019-07-05,25.1,,1.8,62.4
2019-07-06,23.3,,2.6,64.8
2019-07-07,22.5,0.2,2.5,65.9
2019-07-08,21.7,,2,71.5
2019-07-09,21.1,,1.7,73.5
2019-07-10,22,17.5,2.6,79.1
2019-07-11,24,1,1.9,79.8
2019-07-12,24.5,,2,69
2019-07-13,24,,0.8,73.1
2019-07-14,24.1,,1.9,72.1
2019-07-15,23.1,1,1.3,79.5
2019-07-16,24,1,1.8,77
2019-07-17,24.1,,1.5,74.9
2019-07-18,24.3,5.5,0.9,80.9
2019-07-19,24.5,2.5,1.2,86.3
2019-07-20,24.9,60.5,3.4,88
2019-07-21,25.6,11.5,1.6,83.4
2019-07-22,28.2,,1.9,72
2019-07-23,30,,1.9,68
2019-07-24,28.2,0,2,70.3
2019-07-25,26.7,5,1.2,84.1
2019-07-26,29,,1.7,71.5
2019-07-27,28.4,,1.2,76.5
2019-07-28,29.2,,1.9,68.5
2019-07-29,28.9,,1.5,68.6
2019-07-30,29.9,,2.1,65.1
2019-07-31,30.7,,2.2,63.1
2019-08-01,30.3,,1.8,64.8
2019-08-02,30.5,,1.5,64.1
2019-08-03,28.8,,1.7,69.6
2019-08-04,29.6,,1.4,66.4
2019-08-05,28.8,,1.6,64.6
2019-08-06,25.5,21.5,2.2,78.9
2019-08-07,27.8,9.5,1.8,77.5
2019-08-08,28.1,8,1.1,78.5
2019-08-09,29.3,,1.1,74.1
2019-08-10,28,,2.3,73.1
2019-08-11,29,,2.8,68.5
2019-08-12,30,,1.9,66.9
2019-08-13,29,,1.9,69.5
2019-08-14,28.7,0.7,2.6,70.5
2019-08-15,27.1,15,2,82.6
2019-08-16,28.2,,2.4,68.9
2019-08-17,28.3,,1.7,60.6
2019-08-18,28,,1.6,59.1
2019-08-19,26.1,,1.7,73.6
2019-08-20,26,,2,67.9
2019-08-21,25.7,14,1.1,80.1
2019-08-22,25.7,85,1.2,85.6
2019-08-23,25.3,0,1.6,69.3
2019-08-24,23,,1.4,75.5
2019-08-25,23.4,,1.2,73.4
2019-08-26,24.3,,1.3,71.1
2019-08-27,22.5,17,1,88.5
2019-08-28,23.2,3.5,1,85.4
2019-08-29,22.6,0.2,1,85
2019-08-30,23.3,,1.9,69.5
2019-08-31,22.8,,1.5,69.5
2019-09-01,21.7,1.5,0.7,80
2019-09-02,20.7,5.5,0.6,89
2019-09-03,21.9,33,0.8,91.3
2019-09-04,24.1,1,1.1,87.3
2019-09-05,25.6,2,0.8,84.5
2019-09-06,26.4,,1.7,80.4
2019-09-07,26.8,3.5,3.1,75.6
2019-09-08,25.6,0,0.9,78.5
2019-09-09,26.5,0,1.2,77.1
2019-09-10,26.8,,1.3,73.3
2019-09-11,24.8,,2.5,74.6
2019-09-12,20.8,4.5,1.7,77.9
2019-09-13,20.5,,1.6,76.1
2019-09-14,22.2,,1.1,73.4
2019-09-15,23,,1.8,75.3
2019-09-16,20.7,,1.4,70.6
2019-09-17,19.8,,1.7,69.5
2019-09-18,20.9,,1.5,67.3
2019-09-19,19.7,,1.8,64.8
2019-09-20,19.5,,1.9,70.6
2019-09-21,18.8,56,2.1,86.9
2019-09-22,18.8,48.5,4.4,80.9
2019-09-23,18.5,0.5,1.6,76
2019-09-24,18,,1.1,73.1
2019-09-25,17.9,,1.1,73.4
2019-09-26,20.4,,1.5,77.4
2019-09-27,21.7,0.5,1.3,78.9
2019-09-28,22.8,0.5,0.7,85.5
2019-09-29,23.8,,1,75.5
2019-09-30,23.2,,0.7,76.1
2019-10-01,23,0.4,0.7,86.4
2019-10-02,21.7,121.5,1.3,93
2019-10-03,22.6,6,2.3,81.1
2019-10-04,20.7,,1.2,81.6
2019-10-05,21,0,1.7,73.4
2019-10-06,16.6,,2.2,65.5
2019-10-07,15.4,6.5,0.9,87.9
2019-10-08,17.5,,3.2,58.3
2019-10-09,13.5,,1.4,61.8
2019-10-10,15.1,,0.9,69.3
2019-10-11,18.6,,1.5,65.1
2019-10-12,18.9,,3.1,53.5
2019-10-13,14.6,,1.8,69.3
2019-10-14,15.1,,1.3,72.1
2019-10-15,13.6,1,2,73.4
2019-10-16,11.7,,0.8,78.8
2019-10-17,13,,1.2,78.3
2019-10-18,14.5,4,1.2,87.8
2019-10-19,16.7,3,1,80.8
2019-10-20,15,,0.7,79.9
2019-10-21,14.4,,1.3,79.3
2019-10-22,15.2,,1.2,75.9
2019-10-23,15.9,0,1.7,75.6
2019-10-24,17.5,0,1.8,74.1
2019-10-25,18,,1.5,71.1
2019-10-26,14.5,,2.5,57.4
2019-10-27,10.9,,2.3,56.4
2019-10-28,9.8,,0.9,69.8
2019-10-29,12.3,,1.5,64.1
2019-10-30,12.5,,2.1,54.8
2019-10-31,14.5,,2.1,59.5
2019-11-01,14.7,,1.4,67.6
2019-11-02,13.4,,0.6,76.5
2019-11-03,14,6.5,1,78.9
2019-11-04,12.5,,1.2,69
2019-11-05,10.7,,1.4,70.4
2019-11-06,10.7,,0.6,71.4
2019-11-07,11.5,,2.1,59.3
2019-11-08,7.8,,1.3,56.1
2019-11-09,6.9,,1.2,60.3
2019-11-10,7.4,7,0.8,72.9
2019-11-11,12.7,0,2.5,67.9
2019-11-12,9.2,,0.8,75.8
2019-11-13,8.6,,1.6,70.6
2019-11-14,4,,3.4,37.3
2019-11-15,5.4,,0.7,62.4
2019-11-16,10.4,,0.6,74.5
2019-11-17,11,0,1,85.8
2019-11-18,10.7,12.5,4.4,60.5
2019-11-19,4.6,,3.5,53.3
2019-11-20,2.9,,2,47
2019-11-21,4.8,,0.7,59.3
2019-11-22,8.4,,1,76.3
2019-11-23,10.3,,0.5,77.8
2019-11-24,13.1,,1.3,75.5
2019-11-25,8.9,,2.6,67.6
2019-11-26,8.6,,1.3,70.8
2019-11-27,6,,1.4,63.6
2019-11-28,4.9,,1.2,76.9
2019-11-29,3.3,,1.4,62.4
2019-11-30,5.2,,0.6,69.3
2019-12-01,6.8,23,1.3,78.4
2019-12-02,4.3,0.5,4.5,53.5
2019-12-03,3.5,,2.5,57.6
2019-12-04,3.4,,1.9,59.4
2019-12-05,1.6,,3.3,39.5
2019-12-06,-2.7,,2.2,35.1
2019-12-07,1.4,,2.4,49.8
2019-12-08,1.4,,1.3,62.5
2019-12-09,0.5,,0.7,69.8
2019-12-10,3.6,,0.7,75.1
2019-12-11,6.5,,2.5,64.9
2019-12-12,2.8,,1.5,33.3
2019-12-13,0.6,,0.8,47.3
2019-12-14,3.1,,1.8,53.3
2019-12-15,4.5,0,1,67
2019-12-16,5,,0.5,72
2019-12-17,8.3,0,1.6,75.8
2019-12-18,7.2,,2.5,56.1
2019-12-19,3.8,,3.4,35
2019-12-20,1.3,,2.2,50.3
2019-12-21,0.5,,1.5,55.8
2019-12-22,0,,0.5,73.9
2019-12-23,1.8,,1.5,69
2019-12-24,2.1,,0.7,73
2019-12-25,3.5,,0.8,60.9
2019-12-26,3.2,2,2.1,69
2019-12-27,1.1,,3.4,44.8
2019-12-28,-0.2,,1.1,54
2019-12-29,-0.2,3,0.4,72.8
2019-12-30,5.3,2,2.3,76.9
2019-12-31,-2.7,,4.4,37.9
2020-01-01,0.2,,3.5,54.4
2020-01-02,3.2,,2.9,58.6
2020-01-03,3.7,,2.5,51.1
2020-01-04,2,,2.5,55.4
2020-01-05,0.2,,0.8,61.9
2020-01-06,1.5,10.5,0.5,80.5
2020-01-07,8,48,0.8,93.4
2020-01-08,7.8,0.4,4.1,66
2020-01-09,2.9,,3.3,56.5
2020-01-10,1,,1.1,62.4
2020-01-11,2.8,,2.4,50.4
2020-01-12,2.6,,3.5,50
2020-01-13,1.7,,3.6,46.5
2020-01-14,1.2,,2.6,40
2020-01-15,0.5,,2.7,46.3
2020-01-16,-0.8,,1.4,51.9
2020-01-17,0.1,,0.9,60.1
2020-01-18,2.9,0.2,1.5,46.6
2020-01-19,2.5,,1.9,52.9
2020-01-20,4.3,,3,45
2020-01-21,1.3,,1.3,42.4
2020-01-22,2.8,3.5,0.6,70
2020-01-23,5,7.5,0.9,91.1
2020-01-24,6.1,,1.2,78.6
2020-01-25,6.3,,0.9,76
2020-01-26,6.1,0.5,2.1,75.6
2020-01-27,6.5,28.5,4.3,84.5
2020-01-28,6.9,2,1.5,80.9
2020-01-29,5.4,0.1,0.9,77.8
2020-01-30,4.9,0.1,1,71.6
2020-01-31,3,,0.9,75.1
2020-02-01,2.8,,2.4,66.3
2020-02-02,2.8,,1.4,59.9
2020-02-03,3.1,,3.4,42.5
2020-02-04,1.8,,2,37.3
2020-02-05,-1.4,,3.7,32.1
2020-02-06,-2.3,,1.5,50.9
2020-02-07,0.5,,2.2,54.5
2020-02-08,2.7,,3,45.4
2020-02-09,1.2,,1.9,47.3
2020-02-10,4.7,,2.2,50.6
2020-02-11,4.6,,0.8,64.8
2020-02-12,8,8.1,1,93.1
2020-02-13,10,,1.9,77.5
2020-02-14,8.5,,0.9,74.5
2020-02-15,10.2,,1.7,79.1
2020-02-16,4.5,4.4,3.9,71.4
2020-02-17,-1.7,,4.3,53.8
2020-02-18,-0.6,,3.5,43.8
2020-02-19,3.4,,1.7,47
2020-02-20,4.5,,0.9,60.3
2020-02-21,7.4,0,1,60.1
2020-02-22,8.2,0,3.7,46.3
2020-02-23,4,,2.3,42.3
2020-02-24,6.3,,0.9,46.8
2020-02-25,6.9,42.5,1,93.9
2020-02-26,7.4,,1.3,84.4
2020-02-27,5,,1.8,69.8
2020-02-28,3.1,0.4,0.7,88.1
2020-02-29,5,,0.8,87.8
2020-03-01,8.2,,1.2,76.5
2020-03-02,,,3.1,
2020-03-03,5.6,,1.5,76.4
2020-03-04,5.5,,3.6,49.9
2020-03-05,2.9,,2.4,47.5
2020-03-06,3.5,,0.9,50.6
2020-03-07,4.5,1.3,0.7,73
2020-03-08,6.9,,1.2,79.9
2020-03-09,7.8,1.7,1,83.4
2020-03-10,8.6,10.5,2.3,87.5
2020-03-11,6,,3.7,40.9
2020-03-12,7.9,,1.5,38.5
2020-03-13,8.6,,1.9,41.8
2020-03-14,5.8,,3.2,32
2020-03-15,5.4,,3.1,45.1
2020-03-16,5.2,,1.9,45
2020-03-17,9.6,,2.4,43.8
2020-03-18,9.3,,1.4,52.9
2020-03-19,10.1,,3.5,46.9
2020-03-20,11.2,,2.9,33.9
2020-03-21,13.9,,1.8,48.6
2020-03-22,12,,2.6,63.5
2020-03-23,9.5,,1.9,55.5
2020-03-24,8.9,,1.3,60.9
2020-03-25,11,,1.1,60.4
2020-03-26,11.9,3,0.7,79.8
2020-03-27,12.5,4.6,1.1,94.3
2020-03-28,7.4,,1.5,66.3
2020-03-29,7,,1.8,73.4
2020-03-30,9.8,,1.3,67.5
2020-03-31,10.9,,1.1,63.6
2020-04-01,11.9,0,1.4,58.8
2020-04-02,9.9,,1.3,47.4
2020-04-03,12,,1.7,37.4
2020-04-04,9.7,,2.4,49.8
2020-04-05,7.8,,1.4,48.3
2020-04-06,9.9,,1.4,42.9
2020-04-07,14,,2.6,34.9
2020-04-08,10.7,,3,47.4
2020-04-09,8.6,,1.9,59.3
2020-04-10,9.7,0,1.6,55.3
2020-04-11,9.8,0,1.2,62.9
2020-04-12,9,1.8,2.3,75.9
2020-04-13,9,,2.3,48
2020-04-14,11.8,,1.8,40
2020-04-15,13.1,,1.9,45.1
2020-04-16,11.2,,2.3,67
2020-04-17,10.6,18.2,1,90.1
2020-04-18,12.6,,1.8,76.8
2020-04-19,10.2,16.1,1.6,87.8
2020-04-20,12.9,0.4,2.7,69.6
2020-04-21,10.9,,4.1,36.6
2020-04-22,8.1,,4,37.8
2020-04-23,9.5,,3.8,41
2020-04-24,10.3,,2.9,34.9
2020-04-25,15.9,,2.9,38.5
2020-04-26,12.4,,2.6,54.3
2020-04-27,11,,1.9,64.4
2020-04-28,14,,1.9,46.4
2020-04-29,16.4,,1.6,41.5
2020-04-30,17.4,,2,54.3
2020-05-01,21.6,,2.3,65.8
2020-05-02,22.2,,2,59.4
2020-05-03,17.4,4.1,1.3,90
2020-05-04,19.7,,2.4,74.9
2020-05-05,15.7,2,1.8,80.8
2020-05-06,15.8,,2.1,73.9
2020-05-07,13.7,,2.1,61.6
2020-05-08,16.4,1.2,1.3,65
2020-05-09,16.3,21.3,1.3,91.6
2020-05-10,18,,3.1,72.3
2020-05-11,20.5,,2.5,48.5
2020-05-12,18.6,,3,47.9
2020-05-13,17.5,,2.5,42.8
2020-05-14,17.8,,1.2,49.6
2020-05-15,15,8.6,1.5,86
2020-05-16,18,0,1.4,82.1
2020-05-17,20.5,0.1,1.3,77
2020-05-18,17.9,1.1,2.8,84.6
2020-05-19,14.6,8,2.5,72.8
2020-05-20,14.2,,1.9,65.4
2020-05-21,14.1,,2,74.1
2020-05-22,15.5,,2.5,72.1
2020-05-23,18.8,,1.1,66.4
2020-05-24,20.2,,1.9,67.3
2020-05-25,19.7,,1.4,66.6
2020-05-26,20.2,,1.3,60.6
2020-05-27,19.4,,2.1,54.8
2020-05-28,18.7,,1.5,54.8
2020-05-29,18.5,,1.7,57.4
2020-05-30,19.8,,1.4,55
2020-05-31,20.4,,1.4,66.6
2020-06-01,22.6,,2.3,48
2020-06-02,20.9,,1.1,47.5
2020-06-03,22.6,,1.6,61.1
2020-06-04,26.5,,2,56.3
2020-06-05,23.5,,2.4,65.5
2020-06-06,19.7,,2.3,72.1
2020-06-07,21.2,,1.5,57.8
2020-06-08,24.1,,1.1,55.1
2020-06-09,25.8,,1.3,55.8
2020-06-10,26.2,0,1.5,60.1
2020-06-11,24.1,33.3,1.3,80.3
2020-06-12,24.4,20.6,1.2,79.9
2020-06-13,24,8.5,1.1,80.3
2020-06-14,24.7,21.4,1.9,79.8
2020-06-15,24.3,,2.4,58.4
2020-06-16,22.9,,2.1,56.1
2020-06-17,22,,0.9,66.5
2020-06-18,18.6,5.4,1.2,89.8
2020-06-19,20.9,0.3,1.7,79.5
2020-06-20,21.4,,1.3,74.3
2020-06-21,20.5,,1.9,74.5
2020-06-22,22.9,,1.3,65.9
2020-06-23,24,,1.8,65.1
2020-06-24,21.5,6.6,1.4,84.5
2020-06-25,22.8,2.3,1,89
2020-06-26,24.3,,2,69.5
2020-06-27,24.8,,1.2,68.1
2020-06-28,24.4,,1.8,69.5
2020-06-29,21.3,39.2,2.2,87.5
2020-06-30,22.7,4.4,2.6,78.5
2020-07-01,21,2.3,1.7,80
2020-07-02,21.9,,1.5,75.1
2020-07-03,19.6,4.6,1.7,84.5
2020-07-04,20.1,0.4,1.1,84.5
2020-07-05,22,,1,79.9
2020-07-06,23.2,0,0.9,83.5
2020-07-07,25.8,,1.5,75.5
2020-07-08,24.1,,1.9,76.6
2020-07-09,22.9,,2.4,80.9
2020-07-10,22.7,23.3,1.2,90.3
2020-07-11,23.1,,1.8,83
2020-07-12,19.4,24.8,2,90.1
2020-07-13,19.1,74.9,2.4,91
2020-07-14,18.9,0.3,0.9,92.5
2020-07-15,18.5,3.1,1.1,89.5
2020-07-16,19.6,,1.3,80
2020-07-17,20.6,,1.6,77.6
2020-07-18,20.5,,1.4,81.9
2020-07-19,22.8,0,1.6,88.1
2020-07-20,27.4,0.3,2,75.8
2020-07-21,25.8,5.7,1.7,72.1
2020-07-22,22.1,36.8,0.9,96.5
2020-07-23,21,34.4,2.7,94.9
2020-07-24,21.2,15.9,1.3,95
2020-07-25,21.6,46.2,1.1,93.8
2020-07-26,23.6,0.2,1.5,82.8
2020-07-27,21.7,24.3,1.4,93
2020-07-28,21.4,11,1.5,96.6
2020-07-29,22.5,6,1.1,95.8
2020-07-30,22.2,24,1,94.4
2020-07-31,25.4,,1.3,85
2020-08-01,26.5,,0.9,83.1
2020-08-02,27.5,,1.4,76.8
2020-08-03,27.9,,1.8,73.5
2020-08-04,28.3,,1.7,72.3
2020-08-05,27.5,,1.3,76.8
2020-08-06,27,5.2,2.2,80.3
2020-08-07,23.2,91.1,0.7,97.1
2020-08-08,22.8,110.6,1,98.9
2020-08-09,26.9,0.5,1.7,78.4
2020-08-10,25.9,14.7,1.5,89.4
2020-08-11,27.7,2,1.7,78.1
2020-08-12,27.8,,1.3,83.1
2020-08-13,29,,1.7,74.4
2020-08-14,29.5,,2,73
2020-08-15,29.8,0,1.8,73.9
2020-08-16,28.6,,1.3,75
2020-08-17,27.7,,1.4,76.8
2020-08-18,27.7,,1.3,77.1
2020-08-19,28.7,,1.6,70.1
2020-08-20,27.4,,1.5,72.8
2020-08-21,25.1,,1.5,81.8
2020-08-22,25.5,,1.7,80.3
2020-08-23,26.6,,1.1,75.1
2020-08-24,27.1,,1.1,75.6
2020-08-25,27.1,1,1.2,79.3
2020-08-26,27.8,11.4,2.7,80.5
2020-08-27,26.7,2.3,1.7,86.4
2020-08-28,26.5,6.8,0.9,86.9
2020-08-29,27.3,1.3,1.1,80.4
2020-08-30,27.1,,1.4,77.9
2020-08-31,24.2,,1.8,81.3
2020-09-01,24.3,,1.3,81.6
2020-09-02,25.2,23.9,2.4,90.5
2020-09-03,25.1,79.9,4.6,72
2020-09-04,22.5,,1.1,72.1
2020-09-05,18.8,9.2,0.9,91.9
2020-09-06,19.7,12.1,0.9,92.8
2020-09-07,22.5,56.4,4.5,80.5
2020-09-08,22.9,1,2,78.8
2020-09-09,22,2.1,1,81.9
2020-09-10,21.8,5.8,0.9,81.9
2020-09-11,20.9,1.9,1.5,84.6
2020-09-12,19.4,5.1,1,89.4
2020-09-13,19.2,,1.2,83.9
2020-09-14,21.1,,1.2,78.9
2020-09-15,21.2,,1.3,79.8
2020-09-16,20.8,0.6,0.6,88.1
2020-09-17,20.2,1.7,0.8,88.6
2020-09-18,18.7,1.9,1.5,80.9
2020-09-19,18.6,,1.2,71.4
2020-09-20,18.7,,1.9,63
2020-09-21,16,,1.1,75.5
2020-09-22,16.1,,1.5,80.4
2020-09-23,17.9,,2,73.9
2020-09-24,18.8,,1.8,72.8
2020-09-25,18.2,,1.1,76.3
2020-09-26,18.2,,1.3,73.6
2020-09-27,17.6,,1.6,74.1
2020-09-28,15.4,,1,80.5
2020-09-29,16.1,,0.9,78.6
2020-09-30,16.3,,1.1,77.8
2020-10-01,16.9,,1.2,79.4
2020-10-02,18.3,,1,80.6
2020-10-03,20.1,0.9,0.8,79.5
2020-10-04,19,0.2,1.2,76.6
2020-10-05,14.8,,2.8,51.3
2020-10-06,13.9,,1.1,67.5
2020-10-07,16.1,,2,71.9
2020-10-08,17.4,,4.2,57.9
2020-10-09,17.8,,3.7,59.1
2020-10-10,16.9,,1.6,65.9
2020-10-11,14.7,,0.8,78
2020-10-12,15.3,0,1.1,78
2020-10-13,14,,1.6,61.8
2020-10-14,11.4,,1.2,70.6
2020-10-15,12.6,,1.1,65.6
2020-10-16,12.3,,0.6,78
2020-10-17,12.7,,1,73.8
2020-10-18,10.9,,1.1,70.5
2020-10-19,12.1,,0.9,72.9
2020-10-20,12.2,,1,76.3
2020-10-21,12.7,10,0.7,86.3
2020-10-22,14.3,,2.1,76.6
2020-10-23,11,,3.2,48.5
2020-10-24,10.7,,3.6,43
2020-10-25,13.9,,2.9,55
2020-10-26,11.4,,0.9,68.1
2020-10-27,11.3,,0.8,75.5
2020-10-28,14.4,,1.7,59
2020-10-29,10.1,,0.9,65.4
2020-10-30,9.7,,1.3,75.6
2020-10-31,9.7,,0.7,71.4
2020-11-01,11,2.1,0.5,91.6
2020-11-02,10.7,,1.2,72.8
2020-11-03,6,,3.4,52.4
2020-11-04,5.2,,2.5,43
2020-11-05,6.9,,0.8,55.3
2020-11-06,10.6,,0.5,61.8
2020-11-07,13.2,,1.6,59.1
2020-11-08,9.8,,2.8,43.4
2020-11-09,7.3,,2.4,37.4
2020-11-10,6.8,,1.3,50.4
2020-11-11,6.3,,0.6,63.8
2020-11-12,7.1,,0.7,68.4
2020-11-13,8.5,,0.8,66.1
2020-11-14,9.7,,1,77.3
2020-11-15,9,,0.8,78.9
2020-11-16,10,,1,75.4
2020-11-17,14,0.1,0.5,77.1
2020-11-18,17.7,0,0.9,75.3
2020-11-19,18.1,28.9,2.7,81.8
2020-11-20,8.8,,4.3,66.4
2020-11-21,5.7,,0.7,79.3
2020-11-22,8.6,1.7,2.4,78.3
2020-11-23,4.8,,2.3,55.1
2020-11-24,4.9,,1.1,60.1
2020-11-25,5.5,,1.7,61.5
2020-11-26,6.9,,0.8,73.3
2020-11-27,7.3,,3,59.4
2020-11-28,3.3,,2.8,45.9
2020-11-29,2.9,,2.9,56.1
2020-11-30,2.9,,2.4,50.5
2020-12-01,1.4,,1.1,51.6
2020-12-02,2.5,,1,52.8
2020-12-03,4,,2.6,38.6
2020-12-04,2.1,,2.5,42.1
2020-12-05,2.3,,1.9,60.4
2020-12-06,2.9,,1.5,66.6
2020-12-07,2.9,,1.9,67.6
2020-12-08,0.6,,2.1,53.8
2020-12-09,-0.6,,1.1,52.1
2020-12-10,3.8,,1.2,60
2020-12-11,5,,1.3,68.1
2020-12-12,4.6,,2.4,46.1
2020-12-13,1.2,0,1.8,62
2020-12-14,-3.3,,3.6,32.1
2020-12-15,-4.7,,3.2,35.3
2020-12-16,-3.9,,3.3,35.8
2020-12-17,-2.5,,2.7,43.4
2020-12-18,0,,2.1,53
2020-12-19,-1.9,,2.9,31.8
2020-12-20,-0.7,,2.7,42.5
2020-12-21,0.3,,2,55.9
2020-12-22,1.3,,1.6,64.8
2020-12-23,1.9,,1.1,66.6
2020-12-24,3.6,,2.5,56.1
2020-12-25,0.4,,3,52.4
2020-12-26,-0.6,,1,70.1
2020-12-27,1.6,0,0.5,80.8
2020-12-28,2.9,,0.9,82.9
2020-12-29,2.7,0.9,1.5,78.4
2020-12-30,-5.9,,5.4,51.6
2020-12-31,-5.9,,3.7,49.8
2021-01-01,-2.7,,1.7,69.8
2021-01-02,-1.9,,2.7,52.5
2021-01-03,-1.8,,2.9,42.3
2021-01-04,-2.2,,1.2,57.1
2021-01-05,-1.7,,2.8,50.4
2021-01-06,-5,,2.5,49.6
2021-01-07,-8.9,0,4.6,37.9
2021-01-08,-10.3,,3.6,38.6
2021-01-09,-8.4,,3.6,45.3
2021-01-10,-5.7,,2,51.5
2021-01-11,-5.4,,1.1,63
2021-01-12,-3.7,,1.2,61.5
2021-01-13,1.2,,1.3,60.1
2021-01-14,2.7,,0.9,58.5
2021-01-15,7.1,,1.5,63
2021-01-16,1.6,,3.5,42.1
2021-01-17,-3.4,,3.1,40.5
2021-01-18,-3.5,0,2.4,62.9
2021-01-19,-3.8,,1.4,41.3
2021-01-20,-2.9,,0.6,52.4
2021-01-21,2.8,0.8,0.7,69.5
2021-01-22,8,0,0.5,85.3
2021-01-23,8.7,1,2.4,79.4
2021-01-24,8,0,1.3,70.4
2021-01-25,6.4,,1.5,74
2021-01-26,5.6,10.1,1.4,88.4
2021-01-27,4.7,,2,58.4
2021-01-28,0.3,0,3.2,66.3
2021-01-29,-5.1,,5.3,37.8
2021-01-30,0.5,,2.3,46.5
2021-01-31,2.6,,0.8,53.9
2021-02-01,6.5,10.1,1.2,85
2021-02-02,-0.8,,5,34
2021-02-03,-1.9,,2.5,42.8
2021-02-04,1.6,,3.3,35.6
2021-02-05,2.7,,1.4,36.3
2021-02-06,3,,1,60.4
2021-02-07,5.4,,2.1,55.6
2021-02-08,0.4,,3.7,33.8
2021-02-09,1.3,,3.1,34.1
2021-02-10,3.8,,2.4,50.4
2021-02-11,5,,1.1,66.4
2021-02-12,5.5,,0.8,62.9
2021-02-13,5.7,,0.7,57.8
2021-02-14,7,4.6,0.5,81.4
2021-02-15,5.2,0.4,3.8,64.1
2021-02-16,-0.7,,3.5,50.1
2021-02-17,-5,,5.4,40.3
2021-02-18,-4.3,,3.5,45.4
2021-02-19,3.5,,2.5,44.9
2021-02-20,9.6,,2,53.4
2021-02-21,12.3,,2.1,49.4
2021-02-22,13.1,,2.8,40.3
2021-02-23,5.2,,2.5,23.5
2021-02-24,3.4,,1.4,57.1
2021-02-25,4.2,0.4,0.7,81.6
2021-02-26,8,0,2.6,65.4
2021-02-27,6.6,,3.1,60.6
2021-02-28,7.2,0,1.1,75.1
2021-03-01,7.4,41.1,1.6,95.1
2021-03-02,1.8,11.3,0.8,86.4
2021-03-03,3.2,,0.7,73.6
2021-03-04,5.7,0,0.8,81.9
2021-03-05,9.3,,1.1,70.6
2021-03-06,5.3,,3,77.1
2021-03-07,4.7,0,1.3,73.1
2021-03-08,4.6,,1.5,74.8
2021-03-09,7.4,,1.5,62.1
2021-03-10,6.8,,2.2,58.1
2021-03-11,8.3,,0.9,58.9
2021-03-12,8.7,16,1.4,85.1
2021-03-13,7.9,,1.2,76.9
2021-03-14,8.5,,1.4,73
2021-03-15,11,0,1.6,64.1
2021-03-16,14,,2.5,48.6
2021-03-17,8.4,,1.6,69.4
2021-03-18,8.1,,1.7,76.1
2021-03-19,10.1,,2.1,67.9
2021-03-20,8.9,5.9,1.1,91.9
2021-03-21,8.3,,4.2,58.3
2021-03-22,7.4,,3.8,39.4
2021-03-23,10.8,,2.5,37.9
2021-03-24,9.9,,1.2,49.1
2021-03-25,12.8,,1.3,50.6
2021-03-26,13.2,,1.4,52.4
2021-03-27,12,11.7,0.8,85.3
2021-03-28,14.5,13.7,2.3,76
2021-03-29,13.7,,3,48.4
2021-03-30,13.2,,2.2,37.9
2021-03-31,11.3,,1.4,63
2021-04-01,11.8,,3,63
2021-04-02,13.6,,3.1,66.8
2021-04-03,13.4,31.6,1.2,89.3
2021-04-04,9.2,23.9,2.2,80
2021-04-05,8,,1.7,67.3
2021-04-06,11.8,,1.9,52.8
2021-04-07,14.5,,1.7,44.1
2021-04-08,11.6,,1.6,60.5
2021-04-09,7.3,0.2,2,74.4
2021-04-10,8.3,,1.4,66.3
2021-04-11,11.6,,1.3,54.9
2021-04-12,11.4,10.3,0.7,86.1
2021-04-13,14.9,0.1,3.3,64.6
2021-04-14,10.7,,3.1,40.4
2021-04-15,10.5,,1.4,48.8
2021-04-16,12.3,,1.5,64.6
2021-04-17,12.7,0,2.5,46.1
2021-04-18,11.5,,3.1,44.1
2021-04-19,15.6,,3,34.6
2021-04-20,17.3,,2.4,40.1
2021-04-21,17.2,,1.3,58.5
2021-04-22,18,,2.2,52
2021-04-23,15.1,0,2.4,54.3
2021-04-24,14.9,,1.8,58.8
2021-04-25,12.9,,2.6,61.9
2021-04-26,11.7,,1.5,60.1
2021-04-27,14.7,0,1.4,48
2021-04-28,17,,1.6,45.8
2021-04-29,15,0,1.6,61.5
2021-04-30,16.1,0.4,3,50
2021-05-01,11,7.6,2.6,75.9
2021-05-02,12.2,0,2.4,66.8
2021-05-03,15,,1.5,56.9
2021-05-04,16,5.7,1.3,80.8
2021-05-05,17.6,2,3.1,46.3
2021-05-06,15.7,,1.3,43.9
2021-05-07,16.3,0.3,2.2,54.1
2021-05-08,16.6,,2.2,48.9
2021-05-09,18,,3.2,36.4
2021-05-10,11.6,5.5,0.9,83.3
2021-05-11,14.1,1.5,1.6,80.4
2021-05-12,15,,2.1,73.8
2021-05-13,18,,1.4,62.4
2021-05-14,19.6,,1.8,70.6
2021-05-15,19.6,2.6,0.9,89.9
2021-05-16,18.6,25.3,1.4,95.8
2021-05-17,13.8,12.5,1.6,97.5
2021-05-18,16.3,0.1,0.6,88.8
2021-05-19,20.2,,1.1,67.5
2021-05-20,15.3,8.7,1,91.9
2021-05-21,16,0.4,1.2,85.5
2021-05-22,19.9,,2.3,66.5
2021-05-23,21.6,0,1.2,63.3
2021-05-24,20.5,1,1.5,63
2021-05-25,15.6,0.3,2.1,58.4
2021-05-26,16.7,,1.1,53.1
2021-05-27,17.8,0,1.9,63.5
2021-05-28,14.8,16.6,1.3,81.8
2021-05-29,19,,2.3,58.6
2021-05-30,18.6,,1.5,64.6
2021-05-31,18.8,3.6,1.6,77.4
2021-06-01,20.9,,1,70.1
2021-06-02,22.1,,0.9,68.8
2021-06-03,18,13.1,1,93.8
2021-06-04,19.7,2.5,2.1,67
2021-06-05,21.4,,1.9,63.1
2021-06-06,23.1,0.2,1.3,66.4
2021-06-07,23.2,,1.1,69.1
2021-06-08,23,,1.6,66
2021-06-09,23.1,,1.9,64.4
2021-06-10,23,0,1.1,64.9
2021-06-11,21.1,6.4,0.9,92
2021-06-12,22.7,,1.5,83.4
2021-06-13,24,,1.7,78.6
2021-06-14,22.2,,2,80.8
2021-06-15,20.6,3.1,1.8,88.3
2021-06-16,19.5,0.4,2.8,83.9
2021-06-17,19,0.1,1.3,81.3
2021-06-18,20.9,1.7,0.9,84.9
2021-06-19,23,,1.8,66.6
2021-06-20,23.7,,1.4,64.3
2021-06-21,21.5,,2.3,72.3
2021-06-22,19.3,0.1,1.7,77.8
2021-06-23,19.2,0.2,1.8,80.9
2021-06-24,21.7,0,1.3,73.5
2021-06-25,22.7,0,1.5,74.5
2021-06-26,21.8,0.9,1.1,80
2021-06-27,22.2,,1.8,74.3
2021-06-28,22.5,,2,74.8
2021-06-29,23.1,0,1.8,72.9
2021-06-30,23.1,0,1.8,75.6
2021-07-01,23.4,0,1.6,68.9
2021-07-02,22.7,,1.7,77.1
2021-07-03,21.5,32.7,2.2,89.8
2021-07-04,26.3,15.7,2.1,74.8
2021-07-05,23.1,18.7,1.5,79.8
2021-07-06,22,25.6,0.9,96.4
2021-07-07,23.6,50.4,0.5,97.4
2021-07-08,23.6,35.9,1.3,88.4
2021-07-09,23.1,37.7,1.4,92.5
2021-07-10,23.8,40.2,1.1,85.8
2021-07-11,24.7,2.7,1.2,82.9
2021-07-12,26.7,,1.1,77.4
2021-07-13,27.8,,1,74.5
2021-07-14,28.2,,1.1,75.9
2021-07-15,26.3,0,1.5,83.1
2021-07-16,25.9,0.4,1.9,79.3
2021-07-17,25.2,4.4,1.7,81.3
2021-07-18,25.2,,1.7,84.5
2021-07-19,25.9,0.1,1,82.6
2021-07-20,27,0,1.5,75
2021-07-21,25.7,,1.4,78.8
2021-07-22,26.3,,1.8,78.5
2021-07-23,26.1,,1.5,80
2021-07-24,26.2,,1.7,78
2021-07-25,26.1,,1.7,81.3
2021-07-26,26.6,,1.5,74.9
2021-07-27,26.2,,1.5,77.3
2021-07-28,26.3,,1.4,77.6
2021-07-29,27.5,,1,73.9
2021-07-30,28.2,,1,71.9
2021-07-31,27.5,6.9,1.1,80
2021-08-01,26.8,13.2,1,89.8
2021-08-02,26.4,3.2,0.9,88.1
2021-08-03,27.7,,1,78.8
2021-08-04,28.5,,1,73.5
2021-08-05,28.7,,1.2,72.9
2021-08-06,28.7,,1.4,71.9
2021-08-07,28.1,0.8,1.5,76.1
2021-08-08,24.9,4.1,1.4,87.9
2021-08-09,25.3,3,1.8,80.8
2021-08-10,23.4,12.5,1.1,89.6
2021-08-11,25.1,0,1.3,85.1
2021-08-12,25.1,,1.4,81.5
2021-08-13,24.5,0,1.4,82.3
2021-08-14,22.3,18.7,1.1,90.6
2021-08-15,22.3,0,1.2,87.1
2021-08-16,22.5,0,1.5,80.9
2021-08-17,22.3,0.2,1.3,83.9
2021-08-18,21.9,3.2,1.3,88.1
2021-08-19,23.1,0,1,82.6
2021-08-20,23.7,,1.1,83
2021-08-21,22.2,32.7,0.9,95.9
2021-08-22,24.7,,1.2,82.1
2021-08-23,22.1,30.7,1,96.3
2021-08-24,23.7,95.6,1.6,95
2021-08-25,24.5,1.4,0.6,92.1
2021-08-26,25.2,7.4,1.1,81.1
2021-08-27,22.4,16.1,1,93.1
2021-08-28,23.9,,1.3,78
2021-08-29,22,2.8,0.8,90.9
2021-08-30,23.6,0.2,0.9,82.1
2021-08-31,22.8,26.2,1.5,82
2021-09-01,20.5,67.4,1,98.9
2021-09-02,21.1,1.6,1.3,85.1
2021-09-03,19.6,5,0.9,94.6
2021-09-04,20.9,,1.3,81.3
2021-09-05,20.6,0,1.2,82.5
2021-09-06,21.1,3.1,1.6,86
2021-09-07,22,0.6,0.7,92.8
2021-09-08,22.9,,1.5,80.3
2021-09-09,22,,0.9,83.1
2021-09-10,21.2,0.7,0.7,88.6
2021-09-11,22.2,,0.8,78.1
2021-09-12,21.8,,1.1,79.9
2021-09-13,21,,1.5,80
2021-09-14,21.3,0,2.3,76
2021-09-15,22.1,,3.4,65.6
2021-09-16,20.9,0.2,1.7,78.8
2021-09-17,19.7,12.3,1.6,83.6
2021-09-18,19.9,0,0.8,82.9
2021-09-19,19.8,,1.1,81
2021-09-20,20.5,,1.5,82.9
2021-09-21,21.1,6.3,0.6,93.8
2021-09-22,22.4,,1.6,72.3
2021-09-23,20.3,,2,70
2021-09-24,18.3,0,0.8,86.9
2021-09-25,19.4,7.6,1.3,89
2021-09-26,19.3,0,1.4,78.3
2021-09-27,19.5,,1,79.4
2021-09-28,20.5,0,1.1,82.9
2021-09-29,21.8,5.4,0.6,91.9
2021-09-30,20.7,10.2,1.1,84.8
2021-10-01,19.3,,0.6,85.5
2021-10-02,19.8,,0.8,80.8
2021-10-03,20.3,,0.7,73.8
2021-10-04,21.9,,1.4,76.8
2021-10-05,22.1,,1.1,79.3
2021-10-06,20,0.2,0.6,89.9
2021-10-07,21.9,,0.8,80
2021-10-08,20.7,2.8,0.7,90.1
2021-10-09,21.3,6.6,1.3,90.9
2021-10-10,23.9,,1.1,77.6
2021-10-11,17.3,22.8,1.2,92.5
2021-10-12,15.7,9.6,1.2,89.4
2021-10-13,17.1,1,1,87.5
2021-10-14,18,,1,83.5
2021-10-15,17.8,5.8,1,88.4
2021-10-16,13.3,14.7,2.1,73.4
2021-10-17,6.8,,1.7,59.4
2021-10-18,7.6,,0.7,71.3
2021-10-19,9.7,0.2,1.4,80.9
2021-10-20,9,,0.6,79.6
2021-10-21,9.7,,0.6,87.1
2021-10-22,10,0,1.3,77.3
2021-10-23,9.9,,0.6,75.3
2021-10-24,10.1,,0.3,80.8
2021-10-25,10.3,,0.7,76.1
2021-10-26,9.8,,0.7,77.6
2021-10-27,12.6,,1.2,70
2021-10-28,11.5,,1,69.6
2021-10-29,11.7,,0.9,74.4
2021-10-30,10.5,,0.2,85.4
2021-10-31,10.5,,0.5,78.9
2021-11-01,11.4,,1,76.3
2021-11-02,10.4,,1,75.9
2021-11-03,10.1,,0.9,77.5
2021-11-04,10.4,,0.8,72.4
2021-11-05,10.5,,0.6,80.6
2021-11-06,11.2,,0.8,76.4
2021-11-07,13,0,0.9,77.4
2021-11-08,9.8,30.2,1.7,86
2021-11-09,8.5,,2.6,65.5
2021-11-10,7.6,0,2.5,69
2021-11-11,8,0,3.1,59.6
2021-11-12,6.6,0,3.1,60.3
2021-11-13,6.8,,1.6,72.4
2021-11-14,7.4,,0.8,79.8
2021-11-15,7.4,,0.6,74.3
2021-11-16,6.7,,1,71.5
2021-11-17,7.1,,1,62.1
2021-11-18,8,,0.8,74
2021-11-19,8.3,,1.1,81.3
2021-11-20,8.5,,0.3,82.8
2021-11-21,9.9,,0.2,84.4
2021-11-22,6.8,0,3.9,62.5
2021-11-23,3.7,,3.5,57.1
2021-11-24,6,,2.5,55
2021-11-25,7.3,,1.7,59.5
2021-11-26,6.9,,2.5,45.9
2021-11-27,4.2,,0.9,60.8
2021-11-28,3.4,,0.4,67.9
2021-11-29,4.8,,0.4,64.9
2021-11-30,5.3,20.4,1.4,82.6
2021-12-01,1.8,,5.1,43.6
2021-12-02,1.3,,2.5,56.1
2021-12-03,5,0,2.3,53.5
2021-12-04,2.9,,2.3,56.3
2021-12-05,1.9,,0.2,80
2021-12-06,3.6,,0.2,82.3
2021-12-07,6.3,,0.7,73.3
2021-12-08,4.8,,0.4,79.5
2021-12-09,5.2,,0.3,83.3
2021-12-10,6.1,,0.4,85.6
2021-12-11,7.4,,0.8,77.1
2021-12-12,6.1,,3.8,52.4
2021-12-13,-0.1,,2.8,34.8
2021-12-14,2,,1.8,57.9
2021-12-15,4,,0.7,74.5
2021-12-16,4.7,0.1,0.4,83
2021-12-17,-0.1,,5.4,42.4
2021-12-18,-4.5,,2.5,45.1
2021-12-19,0.1,,2.5,56.4
2021-12-20,3.2,,1.3,64.3
2021-12-21,3.9,,0.8,71.4
2021-12-22,2.4,,0.7,57.4
2021-12-23,0.6,,0.8,65.6
2021-12-24,3.1,,1.3,63.9
2021-12-25,-4.8,,4.1,37.4
2021-12-26,-7.5,,3.8,35.5
2021-12-27,-2.8,,3.8,45.4
2021-12-28,2,,1.9,65.3
2021-12-29,2.4,,1.3,65.6
2021-12-30,0.5,,4.3,45.6
2021-12-31,-2.9,,4.9,32.5
2022-01-01,-3.5,,1.3,36.9
2022-01-02,-1.5,,1.3,52.1
2022-01-03,-1.8,,1.6,53
2022-01-04,1.8,,1.9,39.8
2022-01-05,-0.5,,0.4,63
2022-01-06,1.3,,1.7,50.5
2022-01-07,-2.5,,0.6,50.6
2022-01-08,-0.5,,1.6,53.3
2022-01-09,0.7,,0.7,69.6
2022-01-10,1.4,,0.7,64.9
2022-01-11,-1.5,,4.5,44.1
2022-01-12,-3.7,,3.3,40.4
2022-01-13,-3.4,,4.2,41.8
2022-01-14,-3.9,,2,37.9
2022-01-15,-1.5,,0.9,49
2022-01-16,1,,2.5,48.6
2022-01-17,-0.8,,3.9,45.5
2022-01-18,-4,,2.2,35.9
2022-01-19,-2.5,,1.3,52.6
2022-01-20,-2.2,,1.5,52.5
2022-01-21,-2.9,,0.4,64.1
2022-01-22,1.1,,0.3,65.8
2022-01-23,5.6,,0.9,65.6
2022-01-24,4.1,,1.8,63.6
2022-01-25,3.8,,0.9,70.9
2022-01-26,2.7,,2.2,60.4
2022-01-27,2,,1.3,46.5
2022-01-28,1.7,,3,31.4
2022-01-29,0.6,,2.9,33.6
2022-01-30,0.5,,2,32.9
2022-01-31,-0.4,,1.5,36.4
2022-02-01,0.5,,2.9,53.8
2022-02-02,0.1,,3.2,44.1
2022-02-03,0.1,,2.6,40
2022-02-04,-1.1,,3.6,41.6
2022-02-05,-3.3,,4.3,45.4
2022-02-06,-1.6,,3.4,44.3
2022-02-07,-0.1,,2.4,37.1
2022-02-08,0,,1.6,42.1
2022-02-09,0.8,,0.4,54.9
2022-02-10,2.8,,1.2,48.6
2022-02-11,0.8,,0.8,50.9
2022-02-12,2.6,,1,61.9
2022-02-13,3.8,,0.8,75.6
2022-02-14,5.7,,1.2,63.4
2022-02-15,0.1,,4.5,46.6
2022-02-16,-3.8,,4.3,43.1
2022-02-17,-5.2,,2.7,36.8
2022-02-18,-2.2,,0.6,52.5
2022-02-19,1.8,,2.1,52.5
2022-02-20,-2.3,,3.9,34.1
2022-02-21,0.6,,2.5,42.5
2022-02-22,-0.7,,3.4,36.3
2022-02-23,-2.3,,3,32.8
2022-02-24,-0.1,,3.1,30.4
2022-02-25,4.8,,2.9,43
2022-02-26,6.3,0,2.1,50.9
2022-02-27,5.2,0,3.3,36.3
2022-02-28,4.8,,0.6,39.3
2022-03-01,8.3,0,2.1,54.3
2022-03-02,5.9,,3.2,38.4
2022-03-03,6.7,,2.1,47
2022-03-04,7.3,,1.5,57
2022-03-05,6.7,,4.8,27.9
2022-03-06,3,,2.4,34.6
2022-03-07,3.7,,1,41.4
2022-03-08,5.1,,0.9,43.3
2022-03-09,6.3,,1.2,62.5
2022-03-10,7.6,,0.7,60.5
2022-03-11,10.2,,0.9,59
2022-03-12,11.3,,1.2,65.8
2022-03-13,14.2,6.9,1.5,85.4
2022-03-14,10,,2.3,85.1
2022-03-15,10,,1.9,62.8
2022-03-16,11.7,,0.7,54
2022-03-17,8.2,6.9,1.7,84.6
2022-03-18,5.8,9.5,2.8,82.1
2022-03-19,4.3,6.4,0.6,86.9
2022-03-20,5,,0.8,75.5
2022-03-21,7.3,,1.1,63
2022-03-22,7.3,,1.7,57
2022-03-23,5.1,,1.2,71.3
2022-03-24,7.3,,0.9,65.8
2022-03-25,12.3,0.4,1.5,68.1
2022-03-26,13.8,9.1,2.6,80.9
2022-03-27,12.6,,2.8,39.5
2022-03-28,7.2,,1.4,50.3
2022-03-29,9,,0.7,55.1
2022-03-30,12.5,,1.3,65.5
2022-03-31,9.6,0.5,2.5,71.9
2022-04-01,6.7,0.1,1.3,70.4
2022-04-02,7.7,,0.8,60.9
2022-04-03,8.8,,1.2,62.4
2022-04-04,10.7,,0.8,56.9
2022-04-05,12.5,,1.7,41.9
2022-04-06,14.3,,2,39.6
2022-04-07,12.8,1.1,2.1,54.9
2022-04-08,14,,1.3,43.3
2022-04-09,17,,1.7,49.5
2022-04-10,18.4,,1.6,51
2022-04-11,19.6,,1.7,64.6
2022-04-12,20.6,,1.4,63.8
2022-04-13,11.4,0,3.8,75.6
2022-04-14,10.7,0,2.9,66.4
2022-04-15,11.2,0,2.5,55
2022-04-16,12.2,,1.3,40
2022-04-17,13.1,,1.4,36.6
2022-04-18,16.5,,1.5,33
2022-04-19,15.6,,1.5,36.1
2022-04-20,16.1,,1.4,38.5
2022-04-21,12.1,0.2,0.9,66.6
2022-04-22,17.3,,1.7,62.9
2022-04-23,17.3,,2.4,60.8
2022-04-24,19.4,,1.4,53.9
2022-04-25,19.7,0.8,1.4,55.8
2022-04-26,17.4,26.3,1,95.4
2022-04-27,15.4,,2.5,64.6
2022-04-28,14.1,,2.4,66.9
2022-04-29,10.8,12.9,1.9,78.5
2022-04-30,13.4,,1.1,64.6
2022-05-01,14,,2.5,45.9
2022-05-02,11.4,0.5,1.5,63.8
2022-05-03,14,,1.4,63.1
2022-05-04,17.7,,1.5,50.8
2022-05-05,18.3,,1.2,53.4
2022-05-06,19,,1.1,60.6
2022-05-07,17.5,,2.7,66.4
2022-05-08,14.7,0,2,62.6
2022-05-09,15,0,1.7,55.4
2022-05-10,14.6,,2.1,60.1
2022-05-11,19.9,,0.9,54.1
2022-05-12,18.4,0,2,65.5
2022-05-13,14.8,1.6,1.6,82.6
2022-05-14,16.9,,2.4,47.8
2022-05-15,15.7,,1.7,45.3
2022-05-16,16.2,,1.8,48.4
2022-05-17,18.1,0,1.2,46.3
2022-05-18,20.9,,1.5,45.9
2022-05-19,20.5,,1.5,45.6
2022-05-20,21.4,,1.3,41.3
2022-05-21,22.2,,2.3,52.5
2022-05-22,23.3,,3.2,45.4
2022-05-23,21.6,,1.2,58.6
2022-05-24,23.9,,1.3,54.1
2022-05-25,23.9,,1.4,53.6
2022-05-26,21.6,,2.6,41.5
2022-05-27,21.4,,2.8,42.1
2022-05-28,22.8,,1.6,42.6
2022-05-29,23.3,,1.4,42.1
2022-05-30,22.5,0,1.5,53
2022-05-31,23,,2.2,41.1
2022-06-01,23,,1.3,41.5
2022-06-02,23.7,,1.5,44.3
2022-06-03,21.9,,2.8,62
2022-06-04,20,,2.5,71
2022-06-05,17.4,21.9,1.6,89.9
2022-06-06,17.3,11.3,1.1,86.8
2022-06-07,15.3,0.6,1.4,80.1
2022-06-08,16.3,0,1.4,78
2022-06-09,18.5,,1.4,73
2022-06-10,21.1,,0.9,68.3
2022-06-11,20,0,2.1,74.8
2022-06-12,19.2,,1.9,74.3
2022-06-13,18.9,,2.4,72.9
2022-06-14,16.6,4,2,85.4
2022-06-15,19,23.5,0.9,85.5
2022-06-16,21.4,,1.4,71.9
2022-06-17,24.3,,1.2,63.1
2022-06-18,27,,1.8,61.5
2022-06-19,27.6,,1.7,60.9
2022-06-20,27.3,,1.7,64.1
2022-06-21,25.8,,1.8,73.6
2022-06-22,28.2,0,1.5,66.5
2022-06-23,26.7,0.2,2.3,71.1
2022-06-24,26.5,41.8,2.6,73.9
2022-06-25,26.4,0,1.9,70
2022-06-26,27,,2.1,71.6
2022-06-27,25.1,26.3,0.8,91.4
2022-06-28,26.9,0,1.9,75.4
2022-06-29,27.7,0,2,72.4
2022-06-30,28,0,2.1,69.9
2022-07-01,28,,1.3,69.3
2022-07-02,27.8,,1.2,67.9
2022-07-03,27.5,0,1.1,72.5
2022-07-04,27.5,0,1,72.8
2022-07-05,26.7,1.9,1.5,78
2022-07-06,26.4,24.3,1.9,85.6
2022-07-07,28.3,,1.3,75
2022-07-08,27.4,20.1,1.3,82.5
2022-07-09,26.7,,1.4,74.8
2022-07-10,25.8,,2.1,80.5
2022-07-11,25,6,0.9,87.4
2022-07-12,23.8,0,2.3,77.4
2022-07-13,23.2,15.5,1.1,85.9
2022-07-14,26.2,,1.2,81.5
2022-07-15,26.5,,1.5,70.1
2022-07-16,24.4,0.7,0.9,78.4
2022-07-17,25.4,,1.3,73.8
2022-07-18,21.9,25.4,0.6,95.8
2022-07-19,26,,0.9,77.9
2022-07-20,27.5,,1.5,68.1
2022-07-21,24.4,6.9,1.7,83.5
2022-07-22,23.4,0,2,80.1
2022-07-23,23.2,0.1,0.8,87.1
2022-07-24,25.6,2.1,1,84.3
2022-07-25,26,,1.8,82.3
2022-07-26,24.8,,1.6,83.4
2022-07-27,23.9,,1.4,82.6
2022-07-28,24.8,,1.2,87.6
2022-07-29,26.9,,1.9,80.6
2022-07-30,26.1,0.1,1.8,84.4
2022-07-31,26.5,3,2,86.6
2022-08-01,28.1,0,1.1,75.9
2022-08-02,27.1,1.6,1.1,85.4
2022-08-03,29.2,21.3,1.8,76.3
2022-08-04,29.2,,1.9,72.8
2022-08-05,29.2,,1.4,73.1
2022-08-06,30,,1.7,70.6
2022-08-07,30.1,0,1.4,72.3
2022-08-08,29.4,,2,67.8
2022-08-09,28.4,0,1.9,70.3
2022-08-10,27.3,0.3,1.6,77
2022-08-11,25.4,4.4,0.9,92.5
2022-08-12,28,19.3,1.3,77.8
2022-08-13,25.9,7.9,0.8,88.8
2022-08-14,28.5,0,1.1,80
2022-08-15,29.3,0,2.5,67.5
2022-08-16,24.7,46.2,1.2,93.4
2022-08-17,24.5,4.5,1.6,86.3
2022-08-18,24.7,,0.8,80
2022-08-19,26.5,,1.3,77.4
2022-08-20,25.2,9.7,1.4,90.8
2022-08-21,23.8,,1.4,75.4
2022-08-22,24.5,,0.8,77.5
2022-08-23,24.2,5.5,0.9,87.8
2022-08-24,20.8,10.7,1,89.4
2022-08-25,23.1,0.4,0.9,81.6
2022-08-26,23.2,,1.4,68.1
2022-08-27,21.4,,1.2,73
2022-08-28,19.5,,1.4,71.3
2022-08-29,20,0,0.6,84.4
2022-08-30,20.2,29.9,0.8,93.3
2022-08-31,20.4,19.3,0.7,96.6
2022-09-01,20.5,,0.7,89.5
2022-09-02,20.1,5,1.1,94.4
2022-09-03,21.6,0.7,1.8,87.4
2022-09-04,23.8,2.1,1.2,92.4
2022-09-05,24.2,18.1,1.7,92.3
2022-09-06,21.4,71,3.4,79.4
2022-09-07,20.4,,1.3,71.5
2022-09-08,19.4,,1.1,74.9
2022-09-09,19.8,,1.5,76.6
2022-09-10,19.5,,1.5,80.5
2022-09-11,21.1,,1.3,80.3
2022-09-12,20.6,0.2,0.6,89.6
2022-09-13,23.1,,1.8,68.3
2022-09-14,23,,2.8,66.4
2022-09-15,22.3,,2.4,73
2022-09-16,23.1,,1.7,85.1
2022-09-17,24.1,0.2,0.8,86.6
2022-09-18,25.2,0,2.1,81.4
2022-09-19,23.1,5,2.6,70.6
2022-09-20,17.1,,1.7,72
2022-09-21,15.2,,1.4,75.3
2022-09-22,16.9,,0.9,78.8
2022-09-23,19.4,,1.8,67.6
2022-09-24,17.5,,1.6,61.1
2022-09-25,17.1,,0.7,78.4
2022-09-26,17.1,0,0.4,85.9
2022-09-27,18.4,,1,81.6
2022-09-28,17.3,,0.6,81
2022-09-29,18,,0.6,78.6
2022-09-30,18.6,,0.5,75.4
2022-10-01,18.5,,0.8,67.8
2022-10-02,19.8,0,0.8,75.5
2022-10-03,23.6,7.2,1.4,81.3
2022-10-04,19.9,13.5,2.2,88
2022-10-05,15.8,,1.5,79.9
2022-10-06,16.8,,0.9,83.3
2022-10-07,15.5,,2.3,72.4
2022-10-08,13.1,,1.4,74.8
2022-10-09,13.9,1.6,0.8,84.9
2022-10-10,12.9,,3.8,58.3
2022-10-11,12.3,,2.6,64.9
2022-10-12,12.1,,1,79.4
2022-10-13,14.6,,1.3,75.8
2022-10-14,14.1,,0.8,80.8
2022-10-15,15.9,,1,80.8
2022-10-16,17,,0.8,75.8
2022-10-17,15.1,,3.1,48.1
2022-10-18,10.4,,1.8,47.8
2022-10-19,8.8,,1.3,58.5
2022-10-20,9.4,,0.7,65.5
2022-10-21,13.3,,1.1,60.8
2022-10-22,16.1,,2,54.3
2022-10-23,14.5,,1.4,69.6
2022-10-24,11.6,,2,51.5
2022-10-25,9.4,,1.2,67.4
2022-10-26,10.5,,0.7,74.8
2022-10-27,12.6,,0.9,68.1
2022-10-28,11.6,,1.2,79.9
2022-10-29,11.9,,1.1,82.9
2022-10-30,11.6,0.6,1,84
2022-10-31,11,,0.7,76.6
2022-11-01,11.3,,1,72.6
2022-11-02,10.1,,0.7,67.5
2022-11-03,10.4,,1.6,59.1
2022-11-04,8.8,,2.9,38.1
2022-11-05,7.3,,1.9,36.4
2022-11-06,6.8,,1,59.8
2022-11-07,7.1,,0.7,65.5
2022-11-08,8.9,,0.7,65.6
2022-11-09,9.4,,0.7,68
2022-11-10,10.7,,0.8,66
2022-11-11,11.9,,0.7,79.9
2022-11-12,15.4,0.2,0.8,78.8
2022-11-13,15.6,14.2,2.4,72.9
2022-11-14,10.3,,1,71.8
2022-11-15,8.7,,2.1,63.6
2022-11-16,8.4,0.1,1.6,68.6
2022-11-17,6.9,,0.7,68
2022-11-18,7.3,,0.5,65.6
2022-11-19,9.2,,0.9,79.4
2022-11-20,10.9,,0.6,82
2022-11-21,10,,0.6,80.4
2022-11-22,11.3,1,0.5,81.4
2022-11-23,11.8,0.4,1.7,79.8
2022-11-24,6.4,,0.6,74.9
2022-11-25,8.1,,0.7,67.6
2022-11-26,9.5,,2.3,51.9
2022-11-27,5.5,,0.5,51.9
2022-11-28,10.7,1.4,0.5,76.9
2022-11-29,11.9,27.8,2.3,74.6
2022-11-30,-0.4,,4,35.5
2022-12-01,-1.7,,3.1,37
2022-12-02,-1.1,,1.8,53.1
2022-12-03,2.9,,1.2,67.8
2022-12-04,2.9,,2.8,36.5
2022-12-05,0.1,,2.4,30.4
2022-12-06,1.1,,1.6,58.3
2022-12-07,3.6,,1.8,64.9
2022-12-08,3.1,,0.8,62.5
2022-12-09,2.4,,0.8,69.4
2022-12-10,3.5,,1,64.3
2022-12-11,3.2,,1.6,55.5
2022-12-12,3.6,1.7,0.9,75.6
2022-12-13,4.5,0.3,2.8,63.3
2022-12-14,-4.3,,4.3,51.3
2022-12-15,-1.3,,1.3,60.6
2022-12-16,-0.1,,2.9,34.5
2022-12-17,-3.1,,2.3,45
2022-12-18,-6.1,,3.2,43.4
2022-12-19,-4.2,,2.1,52.1
2022-12-20,-1.7,,1.3,58.9
2022-12-21,-0.6,3.8,0.7,89
2022-12-22,-3.1,,4.3,58.1
2022-12-23,-6.1,,5.1,49
2022-12-24,-6,,2.2,54.8
2022-12-25,-3,,2,58.6
2022-12-26,-2.6,,1.3,60.3
2022-12-27,-1.7,,1.5,55.8
2022-12-28,0.5,,2.8,55.4
2022-12-29,-1.1,,2.8,53.5
2022-12-30,-1.4,,1.6,63.6
2022-12-31,1,,3.1,53.9
2023-01-01,2.9,,3.4,45
2023-01-02,-0.1,,3.7,29
2023-01-03,-0.7,,4,38
2023-01-04,-0.1,,2.8,45
2023-01-05,-0.9,,1.4,62.3
2023-01-06,0.5,,0.8,62.9
2023-01-07,2.1,0.5,2.2,63.8
2023-01-08,0.5,,1,60.1
2023-01-09,1,,1.1,72.1
2023-01-10,0.6,,0.5,71.5
2023-01-11,2,,0.8,61.4
2023-01-12,3.6,0,0.4,54.8
2023-01-13,10.2,14.7,0.4,96.3
2023-01-14,8.3,0.1,1.1,91.8
2023-01-15,3.7,3,1.4,87.9
2023-01-16,-1.2,,2.7,61.5
2023-01-17,-1,,2.2,48.4
2023-01-18,-0.3,,1.6,63.9
2023-01-19,-1.4,,1,68.5
2023-01-20,0,,3.6,45.8
2023-01-21,-3.5,,1.6,45.3
2023-01-22,-1.5,,0.6,55.4
2023-01-23,2,,1.6,56
2023-01-24,-8.3,,6.2,36.9
2023-01-25,-9.4,,2.7,32.4
2023-01-26,-4.8,,1.1,58.5
2023-01-27,-3.7,,4,45.8
2023-01-28,-4.2,,3.1,43.5
2023-01-29,0.3,,2.1,52.6
2023-01-30,0.3,,2.8,37.4
2023-01-31,-1.1,0,0.8,48.8
2023-02-01,2.3,0,2.1,48.4
2023-02-02,0,,1.3,43.5
2023-02-03,0.5,,1,39.8
2023-02-04,0.3,,2.5,45
2023-02-05,-0.9,,0.9,51.4
2023-02-06,1.9,,0.5,48.1
2023-02-07,2.9,,0.9,71.5
2023-02-08,2.1,,1.2,60.4
2023-02-09,2.4,0.3,1.6,64.3
2023-02-10,3.5,10.3,1.3,91
2023-02-11,2.1,,0.7,86
2023-02-12,3.7,0,1,79
2023-02-13,6,0.7,1.7,72.8
2023-02-14,3.7,,1.5,70.9
2023-02-15,2.4,,1.6,76.4
2023-02-16,3.2,,1,74.9
2023-02-17,3.4,,0.5,65.1
2023-02-18,6.2,0,0.5,74.3
2023-02-19,6.8,,3.8,52.6
2023-02-20,1.9,,3.5,38.9
2023-02-21,-0.4,,1.5,49.5
2023-02-22,2.1,,0.8,58.9
2023-02-23,7.3,0,2.3,39.5
2023-02-24,6.3,,2.5,39.8
2023-02-25,2.6,,1.7,45.8
2023-02-26,1.5,,0.9,50
2023-02-27,3.7,,0.8,50.1
2023-02-28,7,,1.6,44.9
2023-03-01,8,,2.2,55.9
2023-03-02,4,,2.7,27.9
2023-03-03,6.2,,2.5,31.9
2023-03-04,6.1,,1.2,62
2023-03-05,7,,0.8,64.6
2023-03-06,7.5,,0.9,55.6
2023-03-07,11.2,,1.5,46
2023-03-08,12,,1.5,50.6
2023-03-09,14.1,0.5,1.7,55.4
2023-03-10,12.3,,1.4,60.1
2023-03-11,14.4,,1.1,57
2023-03-12,8.7,17.8,2.8,74.8
2023-03-13,4.1,,3,37.8
2023-03-14,8,,1.4,50.4
2023-03-15,12.1,,2.1,60.3
2023-03-16,9.7,,2.5,36
2023-03-17,8.2,,1.7,60.4
2023-03-18,10,,1.2,56.4
2023-03-19,9.4,,1.4,42.8
2023-03-20,10.3,,1.2,50.4
2023-03-21,13,,1.3,53.8
2023-03-22,15.1,2.3,1.4,74.8
2023-03-23,14.5,22.6,0.8,98.3
2023-03-24,11.6,,2.8,73.9
2023-03-25,9.6,,1.7,69.5
2023-03-26,10.1,,1,74.3
2023-03-27,8.5,,1.6,41.8
2023-03-28,9.3,,1,57.8
2023-03-29,11,,1,56.9
2023-03-30,13,,0.9,51.9
2023-03-31,13.6,,1.4,52.8
2023-04-01,12.8,,1.8,64.9
2023-04-02,12.2,,2.2,61.5
2023-04-03,11.8,,2.1,64.8
2023-04-04,14.7,2.6,1.2,67.1
2023-04-05,14.8,6.1,1.3,92.3
2023-04-06,13.4,2.7,3.1,75.8
2023-04-07,12,4.1,3.5,52.9
2023-04-08,9.8,,4,34.5
2023-04-09,12.7,,2.1,32
2023-04-10,13.1,,1.8,47.8
2023-04-11,17.2,,3.1,61.4
2023-04-12,14.2,,3.7,21.6
2023-04-13,15,,1.3,28.8
2023-04-14,15,0.2,1,58.9
2023-04-15,11.9,1.9,1,90.1
2023-04-16,10,,1.3,78.4
2023-04-17,12.8,,1.1,55.8
2023-04-18,14.7,1.6,1,80.5
2023-04-19,16.7,,1.8,78.1
2023-04-20,21.3,,1.8,66.4
2023-04-21,14.8,,2.7,58.6
2023-04-22,12.4,,2.4,52.9
2023-04-23,12.1,,1.8,59
2023-04-24,11.5,,1.9,62.5
2023-04-25,8.5,7.2,0.8,88.6
2023-04-26,11.9,,2.2,64.5
2023-04-27,13.3,,1.2,62.1
2023-04-28,16.5,,1.9,58.4
2023-04-29,15.9,5.3,1.9,81.8
2023-04-30,15.1,,3.4,46.3
2023-05-01,15.3,,2.5,45
2023-05-02,14.9,,1.1,57.5
2023-05-03,17.3,,1.7,58.1
2023-05-04,17.8,0.1,1.6,70.5
2023-05-05,18.4,28.5,1,97.1
2023-05-06,13,30.6,1.9,93.3
2023-05-07,11.1,4.5,1.2,84.1
2023-05-08,12.1,,1.4,61.5
2023-05-09,16.3,,1.5,54.9
2023-05-10,17.4,,1.7,54
2023-05-11,15.6,,2.2,66.8
2023-05-12,17.8,,1,54.3
2023-05-13,18,0,1.4,69
2023-05-14,18.2,,1.1,66.5
2023-05-15,19.8,,1.3,59.6
2023-05-16,23.2,,1.5,59
2023-05-17,23.2,,1.8,55.4
2023-05-18,17.4,5.9,1.2,85.3
2023-05-19,17.1,0.5,1.7,84
2023-05-20,19,,1,70.4
2023-05-21,22.2,,2.4,57.9
2023-05-22,16.2,0.5,1,75.9
2023-05-23,16.7,0,1.2,64.4
2023-05-24,17.3,,1.3,58.8
2023-05-25,19.9,,1.3,49.1
2023-05-26,20.9,,1.4,60.1
2023-05-27,22.4,,1.3,68.1
2023-05-28,20.9,20.8,0.7,91.6
2023-05-29,19.5,75.5,0.9,99.9
2023-05-30,18.6,,1.8,86.1
2023-05-31,19,,1.9,67.1
2023-06-01,17.1,0.1,0.7,84.1
2023-06-02,22.6,0.4,2,68.4
2023-06-03,22.1,,1.7,55.9
2023-06-04,22.6,,2,50.1
2023-06-05,22.8,,1.8,54.5
2023-06-06,22.8,,1.7,58.1
2023-06-07,22.7,,1.5,65.6
2023-06-08,22.8,,1.4,63.9
2023-06-09,23,,1.4,62.5
2023-06-10,23,0,1.5,70.5
2023-06-11,23.4,,1.4,71.3
2023-06-12,21.8,3.3,1.8,81
2023-06-13,22.5,0.1,1,79.1
2023-06-14,20,45.3,1.3,84
2023-06-15,19.1,38.9,1.1,85.5
2023-06-16,23.2,,1.3,73.4
2023-06-17,25.7,,1.3,65.4
2023-06-18,25.2,,1.5,60.8
2023-06-19,22.6,,2.1,72.6
2023-06-20,21.7,,2.5,73.5
2023-06-21,21.1,10.4,1.1,93.5
2023-06-22,22.9,3.9,1.8,75.8
2023-06-23,22.9,,1.9,73.1
2023-06-24,22.6,,1.8,75.6
2023-06-25,23.1,1,1.3,77.6
2023-06-26,23.5,29.7,1,92.9
2023-06-27,26.9,43.1,2.1,76.5
2023-06-28,24.1,23.2,2.1,80.5
2023-06-29,25.4,4,1.5,86
2023-06-30,22.8,44.2,1.2,97.5
2023-07-01,24.2,,1.1,82.6
2023-07-02,26.5,,1.2,77.3
2023-07-03,25.1,,1.8,80.6
2023-07-04,24.8,4.9,1.2,87.1
2023-07-05,25.9,7.3,2.1,78.3
2023-07-06,25.7,,1.1,75.1
2023-07-07,21,37,1,92.9
2023-07-08,22.5,0,1.3,86.4
2023-07-09,26.4,,1.1,79.8
2023-07-10,27.5,,1.5,78.1
2023-07-11,24.2,32.6,1.1,93.8
2023-07-12,26.4,0,1.3,84.4
2023-07-13,25.4,1.3,0.8,93.6
2023-07-14,25.2,33.8,1.7,90.9
2023-07-15,26.3,8.9,2.2,83.4
2023-07-16,24.3,3.5,0.9,91.1
2023-07-17,26.2,12.1,1.3,85.9
2023-07-18,23,81.9,1,99.8
2023-07-19,24,,1.3,86.4
2023-07-20,25.6,,1.1,82.1
2023-07-21,25,,1.8,85.6
2023-07-22,24.8,0,1.3,80.8
2023-07-23,26.6,0,1.2,80.6
2023-07-24,26.3,4.2,1.2,86.5
2023-07-25,26.1,0.3,1.3,85.6
2023-07-26,26.1,6.3,1.3,84.1
2023-07-27,26.8,,0.9,82.5
2023-07-28,28.5,,0.9,79.1
2023-07-29,29.2,,1,71.3
2023-07-30,28.3,0,1,76.4
2023-07-31,28.1,,1.3,75
2023-08-01,28.1,,1.1,73.5
2023-08-02,27.9,,1,75
2023-08-03,29.8,,1.2,71.3
2023-08-04,29.3,,1,74.9
2023-08-05,29.6,,1.1,75.3
2023-08-06,28.7,,1.7,75.6
2023-08-07,28.6,,2,74.4
2023-08-08,27.5,,1.8,75.9
2023-08-09,25.5,25.2,1.1,90
2023-08-10,24.5,111.6,3.4,88.9
2023-08-11,26.5,,1.7,71.3
2023-08-12,26.1,,1,77.6
2023-08-13,25.8,,1.5,80.1
2023-08-14,25.5,,1.4,81.9
2023-08-15,25.4,,1.5,81
2023-08-16,25.5,0,1.6,80.8
2023-08-17,25,,1.4,81.8
2023-08-18,24.4,22.3,0.8,93.1
2023-08-19,26.2,1.3,0.7,90.3
2023-08-20,27.2,3.4,1.2,87.5
2023-08-21,28.1,,1,78.4
2023-08-22,27.7,,1.3,76.6
2023-08-23,27.4,0,1.4,75.6
2023-08-24,24.2,24.8,1.9,93.3
2023-08-25,26,7.5,1.4,79.4
2023-08-26,24.8,,1.1,78
2023-08-27,24,4.2,1.4,87.1
2023-08-28,24.6,0,1.7,87.3
2023-08-29,25.6,1.6,0.9,90
2023-08-30,24.4,28.1,0.7,99.4
2023-08-31,23.1,37.1,1,93.1
2023-09-01,24.6,0.1,1.1,85.3
2023-09-02,24.2,1.1,1.4,84.5
2023-09-03,25.2,0,1.1,85.5
2023-09-04,25.2,,1.4,82.3
2023-09-05,24.9,,1.5,72.6
2023-09-06,23.8,,1.4,77.5
2023-09-07,22.2,,1.7,74.3
2023-09-08,21.8,,1.3,76
2023-09-09,21.5,,1.1,77
2023-09-10,22.2,,1.1,77.4
2023-09-11,23.9,,1.1,79.1
2023-09-12,24.8,,0.9,81
2023-09-13,23.8,0.7,1.3,89.3
2023-09-14,22.1,6.4,1,92.4
2023-09-15,22.3,11.9,0.6,97.1
2023-09-16,22.6,20.3,0.6,98.9
2023-09-17,23.8,13.7,0.6,91
2023-09-18,25.5,5.2,1,82.1
2023-09-19,24.3,,1.5,77.6
2023-09-20,21.3,43.6,1.3,93.1
2023-09-21,19.1,8.6,1.1,95.5
2023-09-22,19.4,,0.8,80.6
2023-09-23,18.9,,1.5,77.8
2023-09-24,19.6,,2.4,70.8
2023-09-25,20.6,1.5,1.2,81
2023-09-26,20.3,23.5,0.8,99.6
2023-09-27,22.6,,1,87.4
2023-09-28,22.4,,2,77.3
2023-09-29,20.7,,0.9,82.5
2023-09-30,19,3.7,1.7,79.1
2023-10-01,17.9,,1.7,69.3
2023-10-02,15.5,,1,73.3
2023-10-03,15.2,0.2,0.6,86.9
2023-10-04,18.5,,1.5,73.5
2023-10-05,15.6,,2.4,45.9
2023-10-06,15.2,,0.9,65.4
2023-10-07,16.2,,1,76.1
2023-10-08,16.6,,1.3,75
2023-10-09,17.2,0,0.7,78.3
2023-10-10,16.5,,1.4,75.4
2023-10-11,14.1,,1.1,73
2023-10-12,14.1,,0.8,74.1
2023-10-13,15.9,,0.7,75.5
2023-10-14,15.9,0.6,0.9,83
2023-10-15,15.2,,2,75.1
2023-10-16,15,,1.5,69.1
2023-10-17,13.1,,1.4,62.6
2023-10-18,12.9,,0.9,72.6
2023-10-19,15.4,1.8,1,74.5
2023-10-20,13.4,2.9,3.1,57.3
2023-10-21,10.1,,1.9,61.3
2023-10-22,11.6,,1.7,63.1
2023-10-23,12.1,,1,76.5
2023-10-24,12.6,,0.8,76.4
2023-10-25,13.9,,1,78.3
2023-10-26,14,,1,80
2023-10-27,12.1,0,1.1,85.4
2023-10-28,11.4,,0.8,79.1
2023-10-29,11.5,,0.7,77.5
2023-10-30,12,,0.9,78.3
2023-10-31,12.4,,1.1,71.1
2023-11-01,13.9,,0.7,73.5
2023-11-02,16,,0.9,75.4
2023-11-03,16,,1.1,73.3
2023-11-04,17,,1.3,83
2023-11-05,18.6,1.6,1.3,84.1
2023-11-06,17.7,4,3.1,65.6
2023-11-07,10.5,,4.1,44.3
2023-11-08,8.2,,0.7,67.3
2023-11-09,12.6,0.1,0.8,76.4
2023-11-10,9.7,10.6,2.5,61.1
2023-11-11,4.8,,1.8,55.6
2023-11-12,4.3,,3.4,50.9
2023-11-13,4.7,,3,44.3
2023-11-14,5.9,,2.3,61.8
2023-11-15,5.2,,1.2,69
2023-11-16,4.9,8.2,1,88.5
2023-11-17,5.6,,2.8,60.5
2023-11-18,3,0.1,4.8,55
2023-11-19,8.7,,3.1,57.5
2023-11-20,6.9,,1.7,53.1
2023-11-21,4.8,,0.9,66.9
2023-11-22,7,,0.8,69.9
2023-11-23,12.1,,2.1,56.1
2023-11-24,3.2,,4.6,39
2023-11-25,0.1,,1.2,42.5
2023-11-26,3.4,0,1,56.9
2023-11-27,7.4,0.1,1.2,78.8
2023-11-28,5.5,,3.4,50
2023-11-29,4.2,,2.2,60
2023-11-30,-0.5,,4.1,43.6
2023-12-01,0.5,,3.5,48.8
2023-12-02,3.6,,1.6,57
2023-12-03,3.8,,2,48
2023-12-04,1.8,,0.8,57.9
2023-12-05,3.6,,0.6,59.3
2023-12-06,4.4,0.3,1.1,73.8
2023-12-07,5.9,,2.6,48
2023-12-08,8.6,,1.2,69.9
2023-12-09,10.6,,1,79.4
2023-12-10,9.3,,1,81
2023-12-11,12.4,25.4,2.5,91.8
2023-12-12,8.7,,1.9,72.3
2023-12-13,7.1,,0.8,82.6
2023-12-14,8.4,23.9,0.5,94.9
2023-12-15,7.6,53.3,1.7,97.9
2023-12-16,1.7,0.1,4.2,67
2023-12-17,-5.6,,3.8,48.3
2023-12-18,-3.4,,2.6,46
2023-12-19,-0.6,,1.4,44.8
2023-12-20,-2.8,0.1,3.5,60.4
2023-12-21,-7.1,,4,46
2023-12-22,-7,,3.8,44.4
2023-12-23,-4.2,,2.6,51.1
2023-12-24,-2.3,,1.4,68.3
2023-12-25,-1.1,,1.9,68.9
2023-12-26,2.1,,2,64
2023-12-27,2.2,,0.5,69.8
2023-12-28,1.8,,1.5,69.6
2023-12-29,2,,1.3,68.8
2023-12-30,2.4,0.6,0.8,77.5
2023-12-31,4.1,1.6,1.9,84.5
2024-01-01,2.9,,0.8,79.8
2024-01-02,4.6,,1.4,71.9
2024-01-03,3.4,3.7,2.7,75.6
2024-01-04,1.7,,1.6,61.5
2024-01-05,2.1,,1.1,76.6
2024-01-06,3.1,,2.3,52.8
2024-01-07,-0.4,,4.1,46.6
2024-01-08,-3.2,,1.4,44.9
2024-01-09,-0.6,1.6,0.8,63.9
2024-01-10,2.6,0.2,1.2,82.4
2024-01-11,1.6,,2.5,67.9
2024-01-12,4.3,,2.4,47.4
2024-01-13,1.3,,1.6,44.4
2024-01-14,3.6,0,1.7,70.8
2024-01-15,1.4,,2.7,49.9
2024-01-16,-0.4,,0.8,52.8
2024-01-17,2.5,1.3,0.5,77.8
2024-01-18,5.7,4,1.4,90.5
2024-01-19,5.9,0,3.1,71.8
2024-01-20,5.6,8.3,2.4,87.6
2024-01-21,5.1,0.5,1.2,84.4
2024-01-22,-1.9,,5,58
2024-01-23,-7.2,,4.7,51.5
2024-01-24,-6,,4.2,50.5
2024-01-25,-3.1,,2.6,40.3
2024-01-26,0.9,,3.5,48.3
2024-01-27,2.1,,2.2,52.3
2024-01-28,0.7,,2.4,56.6
2024-01-29,-1.4,,1.1,64.6
2024-01-30,0.5,,0.6,68.9
2024-01-31,6.2,0,0.8,61.1
2024-02-01,5.5,,2.4,65.4
2024-02-02,3.9,,1,82.6
2024-02-03,4.5,2.1,1.2,86.3
2024-02-04,5.4,2,1.1,86.6
2024-02-05,5,13.3,2.7,84.4
2024-02-06,2.9,0.1,0.8,84.6
2024-02-07,2.5,,1.4,71.6
2024-02-08,0.9,,0.9,73.5
2024-02-09,2.2,,1.6,60.9
2024-02-10,3.2,,2.4,57
2024-02-11,2.5,,2.3,60.4
2024-02-12,2.6,,1,59
2024-02-13,7.3,,1.8,64.5
2024-02-14,9.6,0.7,1,85.5
2024-02-15,7.2,,2,82.1
2024-02-16,2.8,,0.9,67.4
2024-02-17,3.7,,0.9,66.1
2024-02-18,7,8.2,0.8,81.6
2024-02-19,14.4,15.1,1.4,91.1
2024-02-20,7,3.1,2.5,87.3
2024-02-21,4.9,6.2,2.9,89
2024-02-22,2.9,1.9,2.2,81.4
2024-02-23,2.9,0.1,2.4,68.3
2024-02-24,3.3,0.8,2,68.9
2024-02-25,4,1.7,1.3,85.5
2024-02-26,4.6,,1.4,69.9
2024-02-27,1.6,,1,74.3
2024-02-28,3.3,,0.8,74.1
2024-02-29,3.1,8.4,1,93.1
2024-03-01,-0.1,,4.5,40.1
2024-03-02,-0.4,,2.3,43.5
2024-03-03,5.5,,2.2,56
2024-03-04,6.3,,0.9,63.6
2024-03-05,6.4,8.1,1.8,89
2024-03-06,6.9,,2.2,65.3
2024-03-07,5,0,1.2,70.6
2024-03-08,4,,3.8,43.5
2024-03-09,2.5,,1.7,51.9
2024-03-10,3.4,,1.3,57.4
2024-03-11,6.3,,1.2,56.8
2024-03-12,5,2.7,1,81.6
2024-03-13,7.3,,1.9,61.5
2024-03-14,8.8,,2.1,44.3
2024-03-15,10.4,,1.9,43.5
2024-03-16,11.1,,1.4,57
2024-03-17,12,,3,46.4
2024-03-18,7.3,,1.1,57.1
2024-03-19,8.8,,3.2,51.5
2024-03-20,6,,3.5,38.4
2024-03-21,5.4,,1.7,49
2024-03-22,9,1.5,1.7,64.8
2024-03-23,14.4,0.8,2.4,71.1
2024-03-24,10.5,0.2,2.1,74.9
2024-03-25,9.5,15.3,2.7,78.5
2024-03-26,7.4,14.7,1.8,81.5
2024-03-27,8.5,,1,75.3
2024-03-28,9,25.9,1.2,95.8
2024-03-29,12.3,,3,59.5
2024-03-30,9.8,2.2,1.3,62.3
2024-03-31,12,,1.5,55.5
2024-04-01,12.3,,1.4,55.4
2024-04-02,13.3,2.7,1.2,63.1
2024-04-03,11.9,29.9,1.1,98.8
2024-04-04,12,,2.1,66
2024-04-05,12.3,,1.4,65.4
2024-04-06,12.8,,1,68.8
2024-04-07,15.2,,1.2,56.9
2024-04-08,16.1,,0.8,53.6
2024-04-09,11.3,,3.1,55.8
2024-04-10,11,,0.9,64.3
2024-04-11,13.4,,1.1,63.4
2024-04-12,16,,0.9,62.4
2024-04-13,17.4,,1.1,57.9
2024-04-14,17.5,,1.3,54
2024-04-15,15.5,11.3,1,87.4
2024-04-16,16.8,,2.1,66.3
2024-04-17,15.3,,1.3,60
2024-04-18,15.6,,1.3,61.9
2024-04-19,18.3,,1.2,55
2024-04-20,14.5,1.3,2,84.1
2024-04-21,15.4,0.5,2,81.5
2024-04-22,14.7,,1.7,70.5
2024-04-23,13.8,5.2,3.2,72.5
2024-04-24,13.3,4.2,1.2,80.4
2024-04-25,17.1,,2,63.4
2024-04-26,16.4,,0.8,71.9
2024-04-27,18.7,,1,64.3
2024-04-28,17,,2.1,69.8
2024-04-29,14.3,1.9,1.3,85
2024-04-30,16.1,,1.8,78.9
2024-05-01,12.4,1.6,2.1,72
2024-05-02,13.8,,1.1,63.3
2024-05-03,17,,1.2,58.6
2024-05-04,18.4,,1.3,55.9
2024-05-05,17.4,19.8,1,91.5
2024-05-06,19.2,14.6,1.7,78
2024-05-07,13.2,5.3,1.3,92.3
2024-05-08,12.1,0.6,1.8,74
2024-05-09,15.7,,1.7,58
2024-05-10,19.6,,1.9,44.6
2024-05-11,19.8,3.7,2.3,67.1
2024-05-12,18.3,4.5,2.4,64
2024-05-13,16.4,,1.4,61.8
2024-05-14,17.7,,1.1,61.9
2024-05-15,16.6,17.9,2,64.4
2024-05-16,13.8,6.2,3.5,63.1
2024-05-17,17,,1.2,62.1
2024-05-18,19.3,,1.3,58
2024-05-19,20,,1.4,59.3
2024-05-20,18.9,,1.8,65
2024-05-21,16.2,,2.5,75.9
2024-05-22,19.8,,1.1,65.4
2024-05-23,23.4,,1.8,50.8
2024-05-24,19.2,,2.6,61.9
2024-05-25,18.5,,2.6,58.1
2024-05-26,20.1,7.9,1.7,73.8
2024-05-27,20.7,0.5,3.1,56.5
2024-05-28,17.4,,1.8,63.8
2024-05-29,19.2,,1.2,63.5
2024-05-30,19.9,,1,66.4
2024-05-31,22.1,,1.6,52.3
2024-06-01,20.3,,2.3,63.3
2024-06-02,18.1,1.8,2.1,73.6
2024-06-03,18,0.1,1.9,73.9
2024-06-04,17.5,,1.6,71.1
2024-06-05,19.4,,1.5,62.5
2024-06-06,20.8,,1,64.8
2024-06-07,22.5,,1.1,62.5
2024-06-08,19.6,18.2,0.9,85.8
2024-06-09,22.1,1.5,1.1,79.3
2024-06-10,24.2,,1.1,68.6
2024-06-11,25.9,,1.4,62
2024-06-12,25.7,,1.5,63.1
2024-06-13,25.6,,1.4,62
2024-06-14,25.8,,1.3,59.4
2024-06-15,24.3,2.3,1.5,71.8
2024-06-16,24.5,0.3,2.1,60.3
2024-06-17,23.1,,1.4,60
2024-06-18,26.3,,1.5,51.4
2024-06-19,27.5,,1.2,54.9
2024-06-20,23.8,,1.4,63.8
2024-06-21,24.6,,1.4,68.5
2024-06-22,22.4,21.8,0.9,94.9
2024-06-23,24.2,0,1.3,88.5
2024-06-24,24.8,0,1.4,75.5
2024-06-25,23.2,,2.4,59.8
2024-06-26,22.7,,1.3,64
2024-06-27,21,0.5,0.8,76.8
2024-06-28,24.2,,1.2,73.1
2024-06-29,23.7,19.9,1.3,86.5
2024-06-30,25.2,32.6,1.5,92.1
2024-07-01,26.8,,1.4,72.4
2024-07-02,22.8,30.4,2.1,93.8
2024-07-03,27.3,7.9,2,76.4
2024-07-04,28,,1.6,69.4
2024-07-05,28.1,0.9,2.5,66.3
2024-07-06,27.4,,2,74.3
2024-07-07,28.4,3.5,2.2,74.8
2024-07-08,27,1,1.3,83.1
2024-07-09,23.7,158.8,1,97.6
2024-07-10,22.7,96.1,1.5,96
2024-07-11,23.8,0.1,0.6,89.9
2024-07-12,25.6,,1.1,79.9
2024-07-13,24.3,0,1.6,84.4
2024-07-14,23,2.8,1.5,94.3
2024-07-15,23.3,,1.5,90.3
2024-07-16,24.3,19.6,1.2,89.9
2024-07-17,26.4,0.2,1.2,81.6
2024-07-18,27.2,2,1.7,80.4
2024-07-19,26.7,0.4,1.6,80.1
2024-07-20,26.2,15,1.5,83.8
2024-07-21,29,0.4,2.2,73.5
2024-07-22,29.2,,1.7,72
2024-07-23,29.4,,2.2,70.3
2024-07-24,27.6,27.2,1.3,82
2024-07-25,28.7,,1,79.1
2024-07-26,28.9,0,1.2,75.6
2024-07-27,29,0,1.5,75.8
2024-07-28,29.8,,1.8,69.3
2024-07-29,29.7,,2.5,68.3
2024-07-30,29.2,,2.1,70
2024-07-31,29.7,,1.8,70.9
2024-08-01,30.3,,1.4,71.5
2024-08-02,31,10.9,1.4,73.1
2024-08-03,30.9,,1.5,75
2024-08-04,28.8,,1.7,80
2024-08-05,28,,1.2,77.6
2024-08-06,27.8,1.8,1.3,79.1
2024-08-07,29.7,,1.2,73.9
2024-08-08,28,28.5,1.3,77.3
2024-08-09,27.8,,1.2,75.6
2024-08-10,27.4,,1.3,73.6
2024-08-11,27.5,,1.2,74
2024-08-12,27,,1.4,73.9
2024-08-13,26.6,,1.5,74.8
2024-08-14,26.3,,1.5,77
2024-08-15,26.5,,1.5,78
2024-08-16,27.3,,1.5,72.4
2024-08-17,27.7,,1.4,72.3
2024-08-18,27.4,,1.6,73.1
2024-08-19,28.3,0,1.2,75.6
2024-08-20,28.7,0.3,1.5,77.5
2024-08-21,27,3.2,0.9,91.3
2024-08-22,28.3,0,1.6,79.8
2024-08-23,29.1,,1.6,67.4
2024-08-24,28.8,,1,69
2024-08-25,27.4,11.6,1.1,82
2024-08-26,27.7,0,1,80.4
2024-08-27,25.5,0,1.9,83.1
2024-08-28,26,,2.8,72.6
2024-08-29,27.5,2.1,3.2,73.1
2024-08-30,28,,1.8,68.3
2024-08-31,25.9,,1.8,73.1
2024-09-01,26.3,,1.2,68.5
2024-09-02,25.5,0,1.2,74.6
2024-09-03,24.5,,2,65.3
2024-09-04,23.7,,1.4,70.9
2024-09-05,27,,1.5,64
2024-09-06,24.2,12.6,1.3,90
2024-09-07,24.9,3.1,1,88.1
2024-09-08,26.1,0.4,1.5,83.1
2024-09-09,26.6,,1.5,78.3
2024-09-10,27.5,,0.9,74.4
2024-09-11,26.4,61.5,1,86.4
2024-09-12,26.4,0.1,1.2,89.1
2024-09-13,28.2,,0.9,79.6
2024-09-14,26.8,,1.4,84.6
2024-09-15,26,0,1.7,82.9
2024-09-16,25.2,,1.4,84.6
2024-09-17,28,,1,77.8
2024-09-18,27.9,0,1.2,81.9
2024-09-19,27.4,,0.9,81.6
2024-09-20,25.5,15.4,0.6,94.5
2024-09-21,20.3,112,1.3,99.1
2024-09-22,21.2,,1.8,78.4
2024-09-23,18.7,,2.3,65
2024-09-24,18.5,,1.2,81.1
2024-09-25,21.1,,1,81.3
2024-09-26,22.2,,0.8,78
2024-09-27,22.1,,1.1,85
2024-09-28,20.6,0.3,1.4,87.3
2024-09-29,19.6,,1.5,80.9
2024-09-30,19.6,,0.9,81.5
2024-10-01,20,0,2,72.8
2024-10-02,16.5,,2,48.6
2024-10-03,16.9,5.2,2.1,70.3
2024-10-04,16.1,,1.2,82.4
2024-10-05,15.5,,0.9,81
2024-10-06,17.5,2.6,0.7,86.5
2024-10-07,16.7,1.9,1.2,86.1
2024-10-08,17.2,,1.1,83.5
2024-10-09,16.1,,1.3,77.9
2024-10-10,15.7,,0.9,80
2024-10-11,16.2,,0.8,81.1
2024-10-12,15.8,,0.7,79.3
2024-10-13,16.5,,1.2,79.4
2024-10-14,18.3,7.2,0.5,92.8
2024-10-15,18.9,6.1,1,96.1
2024-10-16,18.4,,0.9,86.1
2024-10-17,17.3,,0.8,88
2024-10-18,20,11,0.8,91.8
2024-10-19,16.5,12.6,2.1,86.3
2024-10-20,14.1,,3,61.6
2024-10-21,15,2.6,0.8,83.3
2024-10-22,17.9,24.7,0.9,99.9
2024-10-23,15.7,0.9,3.3,66.3
2024-10-24,12.8,,1.3,74.1
2024-10-25,14,,0.8,83.4
2024-10-26,15.7,,1,83.4
2024-10-27,13.8,3.6,0.6,94.5
2024-10-28,13.9,1.4,1,90.8
2024-10-29,13.4,,1.1,82.4
2024-10-30,12.6,,0.7,83.6
2024-10-31,13.5,,0.5,86.4
2024-11-01,13.1,11.4,0.5,99.3
2024-11-02,15.6,19,1.2,87.6
2024-11-03,13,,0.6,86.1
2024-11-04,13,,1.1,82
2024-11-05,11.3,,1.7,68.1
2024-11-06,7.5,,2.2,50
2024-11-07,8.2,,0.6,77.9
2024-11-08,10.4,,0.6,85.6
2024-11-09,10.8,,0.5,89.4
2024-11-10,11.5,,0.2,93.3
2024-11-11,12.3,,0.6,87.9
2024-11-12,12,,1.1,76.8
2024-11-13,11.2,,0.9,80.6
2024-11-14,11.8,0,0.3,87.4
2024-11-15,14.1,0.2,0.3,89.5
2024-11-16,15.2,,0.5,82.9
2024-11-17,11.7,,2.6,59.6
2024-11-18,4.1,,1.4,47.8
2024-11-19,6,,0.7,76.5
2024-11-20,7.1,,1.1,70
2024-11-21,7.5,,1.2,75.9
2024-11-22,7,,1.6,61.6
2024-11-23,4.3,,0.9,80
2024-11-24,5.9,,0.4,81.5
2024-11-25,7.9,0,0.9,78.5
2024-11-26,9.1,13,2.8,69.4
2024-11-27,4.1,0.5,2.5,72.8
2024-11-28,5,,3.4,63.3
2024-11-29,4.4,,3.7,59.9
2024-11-30,7.2,,3.1,55.4
2024-12-01,6.6,0.1,0.7,77.1
2024-12-02,9,,1.2,70
2024-12-03,5.3,,2.7,43.8
2024-12-04,3.2,,2.1,47.8
2024-12-05,5.4,,2.4,56
2024-12-06,5.5,,3.1,50.8
2024-12-07,3.2,,2.9,50.4
2024-12-08,1.4,,3.8,46
2024-12-09,1.3,,1.8,58.8
2024-12-10,3.1,,1.8,51.8
2024-12-11,3.8,,0.9,59.9
2024-12-12,1.9,,1.6,55.3
2024-12-13,2.8,,2.8,39
2024-12-14,1,,3.5,46.1
2024-12-15,2,,2.1,71.4
2024-12-16,2.1,,2.3,47.3
2024-12-17,3.3,,2.7,45.5
2024-12-18,-0.2,,2.8,46.1
2024-12-19,-1.1,,1.3,53
2024-12-20,0.7,,1.3,63
2024-12-21,1.1,0.5,2.9,68
2024-12-22,-1.5,,4.2,44.5
2024-12-23,2,,3,54.9
2024-12-24,1.1,,2.2,47.8
2024-12-25,2,,1.6,59
2024-12-26,3.3,,3.3,51.1
2024-12-27,-0.3,,4.1,47.6
2024-12-28,-0.8,,4.3,52
2024-12-29,0.8,,1.8,64.9
2024-12-30,2.5,,0.9,68.5
2024-12-31,3.2,,2.8,37.6
2025-01-01,1.2,,1.5,54.9
2025-01-02,1.4,,1.3,49.5
2025-01-03,0.3,,2.6,37.8
2025-01-04,0.1,,2,47
2025-01-05,-0.4,,0.5,62.5
2025-01-06,0.6,,1.9,71.1
2025-01-07,-0.4,,3.9,48
2025-01-08,-0.2,0.5,2.6,64.4
2025-01-09,-6.4,,4.5,39.3
2025-01-10,-6.4,,3.3,41.1
2025-01-11,-2.6,,2.4,52.6
2025-01-12,-0.5,,3.6,51.3
2025-01-13,0,,1.8,58
2025-01-14,2.5,,1.7,57
2025-01-15,-0.6,,3.9,35.4
2025-01-16,-0.4,,2.5,56.9
2025-01-17,-0.1,,0.6,62.3
2025-01-18,-0.1,,0.5,55.3
2025-01-19,0.3,,0.8,55
2025-01-20,0.1,,0.7,68.1
2025-01-21,0.1,,0.8,67.6
2025-01-22,1.5,,0.8,66.1
2025-01-23,2.3,,0.6,56.9
2025-01-24,1.7,,0.8,66.6
2025-01-25,3.2,0.5,1.6,74
2025-01-26,4.2,0.1,1.3,68.8
2025-01-27,1,4.4,2,77.5
2025-01-28,-0.1,,3.9,64.6
2025-01-29,-1.4,,4.5,58.5
2025-01-30,-0.3,,2.7,58.6
2025-01-31,1.2,,0.3,68.5
2025-02-01,2.9,4.6,0.3,95
2025-02-02,2.9,,0.8,83
2025-02-03,0,,5.2,45
2025-02-04,-5.2,,4.7,45.3
2025-02-05,-5.1,,3.8,41.6
2025-02-06,-3.8,,2.6,39.1
2025-02-07,-6,0.7,3.6,59.4
2025-02-08,-6,,4.1,49.3
2025-02-09,-2.6,,3.1,50.6
2025-02-10,-1.2,,2.9,56.4
2025-02-11,-0.9,,0.8,54.5
2025-02-12,0.3,5.1,1.5,84.6
2025-02-13,1.2,,3.7,41.1
2025-02-14,3.7,,1.7,48.1
2025-02-15,2.3,,1,58.3
2025-02-16,5.9,,1.8,55.5
2025-02-17,2.3,,4.2,26.1
2025-02-18,-0.3,,3.7,35.4
2025-02-19,-0.7,,3,35.5
2025-02-20,-0.7,,2.7,35
2025-02-21,-0.6,,3.3,37.9
2025-02-22,0.2,,2.9,36.8
2025-02-23,-1.4,,3.9,41.6
2025-02-24,0.2,,3.8,37.4
2025-02-25,3.7,,2.7,38.1
2025-02-26,6.4,,2.5,36.8
2025-02-27,5.6,0,1.1,31.6
2025-02-28,9.7,0.3,1.4,58.9
2025-03-01,8.4,,0.9,74.4
2025-03-02,9.7,3.3,2.7,69.3
2025-03-03,2.9,10.2,3.9,76.5
2025-03-04,3.2,4.3,2.9,83.9
2025-03-05,4.8,0,1.3,76.5
2025-03-06,3.9,0.9,1,80.9
2025-03-07,3.9,,1.1,71.8
2025-03-08,6,0,1.1,66.3
2025-03-09,5.7,,1.2,62.3
2025-03-10,5.6,,0.8,64.6
2025-03-11,7.8,,0.9,58.9
2025-03-12,10.4,,2.2,56.8
2025-03-13,9.9,,1.5,41.8
2025-03-14,8.1,,2.2,54.9
2025-03-15,7.5,0.3,2.9,73
2025-03-16,4.6,2.2,2.5,73.3
2025-03-17,3.1,,3.1,44.9
2025-03-18,2,0.7,2.3,70.9
2025-03-19,3.9,,2.2,48.9
2025-03-20,9.3,,2.5,41.6
2025-03-21,14.1,,2.7,35.6
2025-03-22,16.8,,2.9,29
2025-03-23,14.6,,1.4,44.1
2025-03-24,16,0,2,52.3
2025-03-25,16.9,,2.7,45.3
2025-03-26,15.9,,1.7,38.6
2025-03-27,18.7,0,2,68.5
2025-03-28,8.6,1.1,2.9,60.8
2025-03-29,6.2,,3.6,32.4
2025-03-30,4.5,,2.6,30.8
2025-03-31,6.1,,1.2,52.3
2025-04-01,7.9,,1.4,54
2025-04-02,8.2,2.5,1.6,61.4
2025-04-03,7.8,,1.4,77.6
2025-04-04,9.1,,1,64.5
2025-04-05,9.7,0.3,1.5,70.3
2025-04-06,12.6,,3.6,43
2025-04-07,15.1,,1.7,31
2025-04-08,15.3,,3.1,43.1
2025-04-09,13.4,0,1,57.9
2025-04-10,13.5,,1.4,65.3
2025-04-11,13.6,,1.5,58.1
2025-04-12,13.2,3.9,2,68.4
2025-04-13,7.9,11.9,4.4,53.3
2025-04-14,5.8,2.4,1.3,81
2025-04-15,9.9,,3,56.5
2025-04-16,16.3,,1.6,48.5
2025-04-17,17.7,,1.6,72
2025-04-18,21.2,,1.8,67.9
2025-04-19,21.1,,2.7,66
2025-04-20,13.7,,2.5,74.5
2025-04-21,16.6,,2.1,59.9
2025-04-22,14.6,14.4,0.9,93.4
2025-04-23,12.5,,2.2,80.5
2025-04-24,17.1,,2.4,56.3
2025-04-25,14.6,,3.6,24
2025-04-26,15.8,,2.1,26.9
2025-04-27,17.9,,1.6,32.1
2025-04-28,17.1,,2.4,40.1
2025-04-29,14.1,,1.4,54.3
2025-04-30,17.5,,1.5,51.8
2025-05-01,15.1,24,1.7,76.8
2025-05-02,14.5,,3.1,54.1
2025-05-03,10.7,12.4,1.5,85.4
2025-05-04,13.7,,2.2,53.6
2025-05-05,11.6,1.6,1.2,69.3
2025-05-06,11.6,0.1,0.7,88
2025-05-07,14.3,,1.3,72.5
2025-05-08,16.7,,1.2,62.5
2025-05-09,14,13.1,1.5,92.9
2025-05-10,15.8,0.1,2.9,73.3
2025-05-11,15.2,0,1.6,69.5
2025-05-12,17,,1.7,56.3
2025-05-13,18.6,,1.3,61
2025-05-14,20.3,,1.7,56.6
2025-05-15,20.6,0.1,1.8,74.3
2025-05-16,20,18.8,1.3,87
2025-05-17,21.7,0.5,2,73.6
2025-05-18,18,,2,58.9
2025-05-19,19.6,,2.5,64.8
2025-05-20,24.8,,2,66.8
2025-05-21,22.8,,1.8,74.8
2025-05-22,15.8,,2.3,77.8
2025-05-23,15.4,,2,67.6
2025-05-24,13.7,0.9,2.1,79.6
2025-05-25,16.3,0.8,1.6,72.5
2025-05-26,18,,1.1,67.3
2025-05-27,19.7,,1.3,61.6
2025-05-28,18.5,1.2,1.6,72.1
2025-05-29,16.9,,1.6,77.1
2025-05-30,16.5,,1.6,73.8
2025-05-31,17.9,,1.5,58.5
2025-06-01,19.7,,1.5,66.6
2025-06-02,19.5,0.1,0.9,76.1
2025-06-03,21.6,0.2,2.2,58.3
2025-06-04,22.3,,3.2,33.4
2025-06-05,22.2,,1.8,45.5
2025-06-06,21.5,,1.3,58.1
2025-06-07,24.1,,1.5,49.3
2025-06-08,24.9,,1.5,56.9
2025-06-09,24.1,,1.2,67.4
2025-06-10,25.6,,2.2,57.8
2025-06-11,24.7,,2.5,44.9
2025-06-12,23.4,,1.5,55.4
2025-06-13,19.2,30.3,0.9,78.1
2025-06-14,21.3,58.1,1,90.9
2025-06-15,25.2,0,1.4,77.5
2025-06-16,24.6,15.4,1.4,81.9
2025-06-17,24.9,,2.1,72.3
2025-06-18,26.1,,1.5,66.1
2025-06-19,26.7,,1.2,64.6
2025-06-20,26.2,1.8,1.5,76.1
2025-06-21,22.3,45.8,1.7,89.1
2025-06-22,21.4,8.6,1.5,78.3
2025-06-23,23.5,,1.2,69.1
2025-06-24,19.9,20.7,1.3,90.1
2025-06-25,22.7,,1.5,83.9
2025-06-26,24.3,,1.8,73.3
2025-06-27,25.9,,1.3,73.5
2025-06-28,27.5,0,0.9,77
2025-06-29,29,,1.2,73.3
2025-06-30,29.7,,1.5,66.5
2025-07-01,29.8,,1.5,70.1
2025-07-02,30.4,,1.6,68.5
2025-07-03,29.6,,1.3,70.4
2025-07-04,29.3,,1.9,63.9
2025-07-05,29.6,,2.2,63.3
2025-07-06,29.6,,2.7,66.3
2025-07-07,30.3,,1.9,65.3
2025-07-08,26.9,,1.9,75.9
2025-07-09,26.6,,1.9,64.1
2025-07-10,25.7,,2.3,62.5
2025-07-11,25.7,,3,62.4
2025-07-12,24.5,,2.2,69.6
2025-07-13,24.7,58.9,1.3,71.8
2025-07-14,23.1,48.8,1.9,83.4
2025-07-15,22.8,0,1.1,87.6
2025-07-16,22.1,6,0.6,94.8
2025-07-17,21.6,96.4,0.9,100
2025-07-18,24.5,17.7,1,90.3
2025-07-19,21.8,80.8,0.7,98.8
2025-07-20,25.8,0,0.8,84.6
2025-07-21,26.3,0.3,1,85
2025-07-22,28.3,,1,77.3
2025-07-23,28.4,,1,77
2025-07-24,27.7,,1,76.1
2025-07-25,27.6,,1.7,72
2025-07-26,27.9,,1.5,73.6
2025-07-27,28.2,,1.4,71
2025-07-28,28.5,,1,70.4
2025-07-29,28,,1.4,69.3
2025-07-30,27.8,,1.5,76.1
2025-07-31,28.1,,1.5,74
2025-08-01,27.9,,1.2,70.1
2025-08-02,29.1,,1.2,71.6
2025-08-03,28.1,16.9,0.9,80.8
2025-08-04,27.6,36,1.5,87.1
2025-08-05,28.5,13.7,1.3,84.3
2025-08-06,27.8,8.2,1.9,84.6
2025-08-07,26.4,2.5,1.5,80.6
2025-08-08,25.9,,1,78
2025-08-09,23.9,3.9,0.5,94.1
2025-08-10,24.2,10.8,1.2,80.8
2025-08-11,23.3,0.9,1.2,83.9
2025-08-12,22.4,7.5,0.9,96.4
2025-08-13,26.7,0.5,1,84.6
2025-08-14,28.5,,1.6,73.9
2025-08-15,27.9,,1.2,78.8
2025-08-16,28.3,,1.2,75.8
2025-08-17,27.4,,1.6,73.6
2025-08-18,28.3,,1.1,73.1
2025-08-19,29.4,,1.5,70.6
2025-08-20,29.3,,1.6,68.8
2025-08-21,28.7,,1.1,74
2025-08-22,29,,1.3,73.6
2025-08-23,29.7,,1.6,66.1
2025-08-24,29.5,,1.1,71
2025-08-25,29.8,,1.6,71
2025-08-26,28.8,,2.1,68
2025-08-27,26.7,,1.7,76
2025-08-28,27,,1,76
2025-08-29,29,,1.4,68
2025-08-30,29.1,,1.2,65.9
2025-08-31,27.1,0,1.2,78.9
2025-09-01,27.4,1.2,1.4,78.3
2025-09-02,26,2.6,1,81.4
2025-09-03,25.4,,1.7,79.1
2025-09-04,26.3,,1.6,77.8
2025-09-05,26.6,0.1,1.6,70.4
2025-09-06,28.2,0.2,1.6,71.3
2025-09-07,26.1,4.5,1.5,87
2025-09-08,24.1,2.7,1.2,69.6
2025-09-09,19.1,80,0.9,97.3
2025-09-10,21.7,11.5,0.7,88.8
2025-09-11,21.9,,1.3,80.5
2025-09-12,22.7,1.5,1.2,88.1
2025-09-13,23.5,11.8,1.4,90
2025-09-14,23,1.3,0.8,89.1
2025-09-15,25.1,0,0.7,82.9
2025-09-16,25.8,12.2,1.1,85.5
2025-09-17,24.1,2.9,1,90.9
2025-09-18,21,0,1.8,78.4
2025-09-19,20.8,,1.5,73.3
2025-09-20,20.9,14.8,1.6,87
2025-09-21,19.9,,1.5,77.9
2025-09-22,18.8,,1.7,78
2025-09-23,20,0.2,1.6,75.3
2025-09-24,23.5,,0.8,81
2025-09-25,23.3,10.4,1,92
2025-09-26,21.2,,1.2,77.9
2025-09-27,21.4,,1.4,79
2025-09-28,20.8,0.7,1.1,88.3
2025-09-29,20.2,,1.6,76.4
2025-09-30,19.3,0.1,0.7,82.6
2025-10-01,20.3,0,1.2,74.5
2025-10-02,19.2,,0.7,83
2025-10-03,18.8,17.3,1,97.3
2025-10-04,20.1,1.3,0.6,96.4
2025-10-05,20.9,2.8,0.7,89.4
2025-10-06,19.6,7.1,0.6,98
2025-10-07,19.8,11.1,1,99.1
2025-10-08,21,,1.2,84.4
2025-10-09,19,0.2,1.8,81
2025-10-10,19.5,,1.2,79.8
2025-10-11,21.6,,0.7,80.8
2025-10-12,18.3,3.4,1,94.8
2025-10-13,17.2,6,1.1,97.6
2025-10-14,17.5,49.7,0.5,98.5
2025-10-15,18.8,0,1.1,87.4
2025-10-16,18.8,22.2,0.9,95.6
2025-10-17,18.6,0.9,1.4,85.4
2025-10-18,17.6,3,1.1,93.1
2025-10-19,16.5,,0.8,86.4
2025-10-20,13.4,,1.4,80.9
2025-10-21,13.9,0,0.8,83.9
2025-10-22,14.3,0.5,1.1,88.9
2025-10-23,14.5,0.2,1,87.5
2025-10-24,13.3,0,1.1,89.3
2025-10-25,15.5,,0.7,84.5
2025-10-26,14.4,0.1,1.7,66.9
2025-10-27,10,,3.2,51.6
2025-10-28,7,,1.4,61.8
2025-10-29,7.4,,0.7,73.6
2025-10-30,8.8,,0.5,80.1
2025-10-31,10.4,,0.6,83.1
2025-11-01,11.8,0.3,2,72.9
2025-11-02,11.6,,3,54.8
2025-11-03,7.8,,1.2,68.4
2025-11-04,9,,0.5,80.1
2025-11-05,10.3,,0.5,81.5
2025-11-06,11.1,,0.6,83.5
2025-11-07,11.4,,0.8,81.3
2025-11-08,12,3.7,0.6,86.1
2025-11-09,13.8,8,2.1,69.5
2025-11-10,9.9,,2.5,42.4
2025-11-11,9,,1.3,48.8
2025-11-12,7.5,,0.5,78.4
2025-11-13,10.1,,1.3,73.3
2025-11-14,7.8,,1.1,68.3
2025-11-15,7.7,,0.5,65.6
2025-11-16,8.4,,0.7,73.8
2025-11-17,7.7,,3.7,45.8
2025-11-18,3.2,,3.2,49.8
2025-11-19,2.7,,1,62.1
2025-11-20,8.4,,2.2,57.8
2025-11-21,7.4,,2.8,46.5
2025-11-22,5.8,,1,69.9
2025-11-23,6,,0.6,74
2025-11-24,9.3,,0.8,69.3
2025-11-25,5.9,0,1.7,76.6
2025-11-26,6.3,,1.3,73.9
2025-11-27,6.6,,2.3,70.5
2025-11-28,3.9,,2.7,47.1
2025-11-29,3,,0.8,67.4
2025-11-30,9.1,,0.8,74.1
2025-12-01,7.9,,1.8,53.4
2025-12-02,4.9,,3.1,36.3
2025-12-03,-1.5,,4.6,41.1
2025-12-04,-1.2,,2.4,52.9
2025-12-05,0.2,,3.4,36
2025-12-06,1,,0.9,58.5
2025-12-07,4.4,,0.6,71.3
2025-12-08,5.8,,2.7,34.8
2025-12-09,3,,2.1,45.9
2025-12-10,3.5,,0.8,67
2025-12-11,6.1,0,2.1,64.9
2025-12-12,2.8,,1,77.4
2025-12-13,3.8,7.4,1.5,86.4
2025-12-14,2.1,,3.5,66.9
2025-12-15,2.2,,1.9,66.4
2025-12-16,2.1,,0.4,78.8
2025-12-17,5.7,,1.8,64.5
2025-12-18,1.5,,0.7,68.1
2025-12-19,3,,0.4,75
2025-12-20,7.5,,0.8,80.4
2025-12-21,1.7,,3,34.8
2025-12-22,-0.7,,0.7,65.5
2025-12-23,2.2,1.5,0.4,82.1
2025-12-24,5.3,3.3,1.4,89.6
2025-12-25,0.3,,4.8,51.6
2025-12-26,-5.1,,3.9,30.9
2025-12-27,-0.9,,2.4,50.6
2025-12-28,0.9,,0.6,75.6
2025-12-29,4.9,0,1.5,73
2025-12-30,2.7,,2.7,43.6
2025-12-31,-2.3,,2.8,39.1